Id,Label,timeset,description,url,cluster,weight<links>,weight<total_link_strength>,weight<citations>,weight<norm._citations>,score<pub._year>,score<citations>,score<norm._citations>
1,abbott (2000),,"<table><tr><td>Authors:</td><td>abbott, mr; moore, jk; nelson, dm; richman, jg</td></tr><tr><td>Title:</td><td>the southern ocean at the last glacial maximum: a strong sink for atmospheric carbon dioxide</td></tr><tr><td>Source:</td><td>global biogeochemical cycles, 14(1), 455-475</td></tr><tr><td>Year:</td><td>2000</td></tr></table>",http://dx.doi.org/10.1029/1999gb900051,3,58,194,94,0.665,2000,94,0.665
2,schlitzer (2002),,"<table><tr><td>Authors:</td><td>schlitzer, r</td></tr><tr><td>Title:</td><td>carbon export fluxes in the southern ocean: results from inverse modeling and comparison with satellite-based estimates</td></tr><tr><td>Source:</td><td>deep-sea research part ii-topical studies in oceanography, 49(9-10), 1623-1644</td></tr><tr><td>Year:</td><td>2002</td></tr></table>",http://dx.doi.org/10.1016/s0967-0645(02)00004-8,3,37,72,185,3.7655,2002,185,3.7655
3,lal (2005),,"<table><tr><td>Authors:</td><td>lal, r; lorenz, k</td></tr><tr><td>Title:</td><td>the depth distribution of soil organic carbon in relation to land use and management and the potential of carbon sequestration in subsoil horizons</td></tr><tr><td>Source:</td><td>advances in agronomy, vol 88, 88, 35-66</td></tr><tr><td>Year:</td><td>2005</td></tr></table>",http://dx.doi.org/10.1016/s0065-2113(05)88002-2,2,47,105,172,2.7676,2005,172,2.7676
4,mollersten (2003),,"<table><tr><td>Authors:</td><td>mollersten, k; westermark, m; yan, j</td></tr><tr><td>Title:</td><td>potential and cost-effectiveness of co2 reductions through energy measures in swedish pulp and paper mills</td></tr><tr><td>Source:</td><td>energy, 28(7), 691-710</td></tr><tr><td>Year:</td><td>2003</td></tr></table>",http://dx.doi.org/10.1016/s0360-5442(03)00002-1,5,7,15,58,0.9831,2003,58,0.9831
5,broecker (1991),,"<table><tr><td>Authors:</td><td>broecker, ws; peng, th</td></tr><tr><td>Title:</td><td>factors limiting the reduction of atmospheric co2 by iron fertilization</td></tr><tr><td>Source:</td><td>limnology and oceanography, 36(8), 1919-1927</td></tr><tr><td>Year:</td><td>1991</td></tr></table>",http://dx.doi.org/10.4319/lo.1991.36.8.1919,4,42,87,27,1.2359,1991,27,1.2359
6,assmy (2005),,"<table><tr><td>Authors:</td><td>assmy, p; bakker, dce; barber, rt; boyd, pw; boye, m; bozec, y; brzezinski, ma; buesseler, ko; coale, kh; croot, pl; de baar, hjw; gervais, f; gorbunov, my; harrison, pj; hiscock, wt; laan, p; lancelot, c; landry, mr; law, cs; levasseur, m; marchetti, a; millero, fj; nishioka, j; nojiri, y; riebesell, u; rijkenberg, mja; saito, h; takeda, s; timmermans, kr; tsuda, a; van oijen, t; veldhuis, mjw; waite, am; wong, cs</td></tr><tr><td>Title:</td><td>synthesis of iron fertilization experiments: from the iron age in the age of enlightenment</td></tr><tr><td>Source:</td><td>journal of geophysical research-oceans, 110(c9)</td></tr><tr><td>Year:</td><td>2005</td></tr></table>",http://dx.doi.org/10.1029/2004jc002601,3,59,502,366,5.8892,2005,366,5.8892
7,fujii (2005),,"<table><tr><td>Authors:</td><td>fujii, m; yamanaka, y; yoshie, n</td></tr><tr><td>Title:</td><td>ecosystem changes after the seeds iron fertilization in the western north pacific simulated by a one-dimensional ecosystem model</td></tr><tr><td>Source:</td><td>progress in oceanography, 64(2-4), 283-306</td></tr><tr><td>Year:</td><td>2005</td></tr></table>",http://dx.doi.org/10.1016/j.pocean.2005.02.014,3,49,168,15,0.2414,2005,15,0.2414
8,harvey (2003),,"<table><tr><td>Authors:</td><td>harvey, ldd</td></tr><tr><td>Title:</td><td>impact of deep-ocean carbon sequestration on atmospheric co2 and on surface-water chemistry</td></tr><tr><td>Source:</td><td>geophysical research letters, 30(5)</td></tr><tr><td>Year:</td><td>2003</td></tr></table>",http://dx.doi.org/10.1029/2002gl016224,4,6,19,6,0.1017,2003,6,0.1017
9,archer (2005),,"<table><tr><td>Authors:</td><td>archer, d; zeebe, re</td></tr><tr><td>Title:</td><td>feasibility of ocean fertilization and its impact on future atmospheric co2 levels</td></tr><tr><td>Source:</td><td>geophysical research letters, 32(9)</td></tr><tr><td>Year:</td><td>2005</td></tr></table>",http://dx.doi.org/10.1029/2005gl022449,3,61,156,39,0.6275,2005,39,0.6275
12,bakker (2005),,"<table><tr><td>Authors:</td><td>bakker, dce; bozec, y; de baar, hjw; goldson, l; liddicoat, m; messias, mj; nightingale, pd; skjelvan, i; strass, v; watson, aj</td></tr><tr><td>Title:</td><td>iron and mixing affect biological carbon uptake in soiree and eisenex, two southern ocean iron fertilisation experiments</td></tr><tr><td>Source:</td><td>deep-sea research part i-oceanographic research papers, 52(6), 1001-1019</td></tr><tr><td>Year:</td><td>2005</td></tr></table>",http://dx.doi.org/10.1016/j.dsr.2004.11.015,3,52,191,25,0.4023,2005,25,0.4023
15,nilsson (1997),,"<table><tr><td>Authors:</td><td>nilsson, s; roshkov, v; shvidenko, a</td></tr><tr><td>Title:</td><td>possibilities for increased carbon sequestration through the implementation of rational forest management in russia</td></tr><tr><td>Source:</td><td>water air and soil pollution, 94(1-2), 137-162</td></tr><tr><td>Year:</td><td>1997</td></tr></table>",http://dx.doi.org/10.1023/a:1026494514131,1,30,48,21,0.5676,1997,21,0.5676
16,fox (2004),,"<table><tr><td>Authors:</td><td>fox, g; mckenney, dw; ramlal, e; yemshanov, d</td></tr><tr><td>Title:</td><td>cost estimates for carbon sequestration from fast growing poplar plantations in canada</td></tr><tr><td>Source:</td><td>forest policy and economics, 6(3-4), 345-358</td></tr><tr><td>Year:</td><td>2004</td></tr></table>",http://dx.doi.org/10.1016/j.forpol.2004.03.010,1,12,35,49,0.4185,2004,49,0.4185
17,ceulemans (2004),,"<table><tr><td>Authors:</td><td>ceulemans, r; deckmyn, g; muys, b; quijano, jg</td></tr><tr><td>Title:</td><td>carbon sequestration following afforestation of agricultural soils: comparing oak/beech forest to short-rotation poplar coppice combining a process and a carbon accounting model</td></tr><tr><td>Source:</td><td>global change biology, 10(9), 1482-1491</td></tr><tr><td>Year:</td><td>2004</td></tr></table>",http://dx.doi.org/10.1111/j.1365-2486.2004.00832.x,2,13,14,35,0.2989,2004,35,0.2989
18,aide (2004),,"<table><tr><td>Authors:</td><td>aide, tm; grau, hr; thomlinson, jr; zimmerman, jk</td></tr><tr><td>Title:</td><td>trends and scenarios of the carbon budget in postagricultural puerto rico (1936-2060)</td></tr><tr><td>Source:</td><td>global change biology, 10(7), 1163-1179</td></tr><tr><td>Year:</td><td>2004</td></tr></table>",http://dx.doi.org/10.1111/j.1529-8817.2003.00792.x,1,30,59,19,0.1623,2004,19,0.1623
19,eggers (2003),,"<table><tr><td>Authors:</td><td>eggers, t; kaipainen, t; karjalainen, t; lapvetelainen, t; liski, j; nabuurs, gj; pussinen, a</td></tr><tr><td>Title:</td><td>scenario analysis of the impacts of forest management and climate change on the european forest sector carbon budget</td></tr><tr><td>Source:</td><td>forest policy and economics, 5(2), 141-155</td></tr><tr><td>Year:</td><td>2003</td></tr></table>",http://dx.doi.org/10.1016/s1389-9341(03)00021-2,1,30,48,65,1.1017,2003,65,1.1017
21,khouma (2004),,"<table><tr><td>Authors:</td><td>khouma, m; sene, m; tschakert, p</td></tr><tr><td>Title:</td><td>biophysical potential for soil carbon sequestration in agricultural systems of the old peanut basin of senegal</td></tr><tr><td>Source:</td><td>journal of arid environments, 59(3), 511-533</td></tr><tr><td>Year:</td><td>2004</td></tr></table>",http://dx.doi.org/10.1016/j.jaridenv.2004.03.026,2,13,18,20,0.1708,2004,20,0.1708
22,chen (2001),,"<table><tr><td>Authors:</td><td>chen, ap; fang, jy</td></tr><tr><td>Title:</td><td>dynamic forest biomass carbon pools in china and their significance</td></tr><tr><td>Source:</td><td>acta botanica sinica, 43(9), 967-973</td></tr><tr><td>Year:</td><td>2001</td></tr></table>",,1,58,130,58,1.0779,2001,58,1.0779
26,mosnaim (2001),,"<table><tr><td>Authors:</td><td>mosnaim, a</td></tr><tr><td>Title:</td><td>estimating co2 abatement and sequestration potentials for chile</td></tr><tr><td>Source:</td><td>energy policy, 29(8), 631-640</td></tr><tr><td>Year:</td><td>2001</td></tr></table>",http://dx.doi.org/10.1016/s0301-4215(00)00160-9,2,5,5,4,0.0743,2001,4,0.0743
27,aono (2005),,"<table><tr><td>Authors:</td><td>aono, t; imai, k; kudo, i; nojiri, y; tsuda, a; yamada, m</td></tr><tr><td>Title:</td><td>export fluxes of particulate organic carbon estimated from th-234/u-238 disequilibrium during the subarctic pacific iron experiment for ecosystem dynamics study (seeds 2001)</td></tr><tr><td>Source:</td><td>progress in oceanography, 64(2-4), 263-282</td></tr><tr><td>Year:</td><td>2005</td></tr></table>",http://dx.doi.org/10.1016/j.pocean.2005.02.013,3,53,168,6,0.0965,2005,6,0.0965
28,boyd (2001),,"<table><tr><td>Authors:</td><td>boyd, pw; gall, mp; maldonado, m; strzepek, r</td></tr><tr><td>Title:</td><td>phytoplankton processes. part 2. rates of primary production and factors controlling algal growth during the southern ocean iron release experiment (soiree)</td></tr><tr><td>Source:</td><td>deep-sea research part ii-topical studies in oceanography, 48(11-12), 2571-2590</td></tr><tr><td>Year:</td><td>2001</td></tr></table>",http://dx.doi.org/10.1016/s0967-0645(01)00009-1,3,55,390,68,1.2638,2001,68,1.2638
29,brzezinski (2005),,"<table><tr><td>Authors:</td><td>brzezinski, ma; demarest, ms; jones, jl</td></tr><tr><td>Title:</td><td>control of silica production by iron and silicic acid during the southern ocean iron experiment (sofex)</td></tr><tr><td>Source:</td><td>limnology and oceanography, 50(3), 810-824</td></tr><tr><td>Year:</td><td>2005</td></tr></table>",,3,58,195,31,0.4988,2005,31,0.4988
31,dixon (1992),,"<table><tr><td>Authors:</td><td>dixon, rk; schroeder, pe; winjum, jk</td></tr><tr><td>Title:</td><td>estimating the global potential of forest and agroforest management-practices to sequester carbon</td></tr><tr><td>Source:</td><td>water air and soil pollution, 64(1-2), 213-227</td></tr><tr><td>Year:</td><td>1992</td></tr></table>",http://dx.doi.org/10.1007/bf00477103,1,27,55,79,4.4597,1992,79,4.4597
32,brindley (1999),,"<table><tr><td>Authors:</td><td>brindley, j; pitchford, jw</td></tr><tr><td>Title:</td><td>iron limitation, grazing pressure and oceanic high nutrient-low chlorophyll (hnlc) regions</td></tr><tr><td>Source:</td><td>journal of plankton research, 21(3), 525-547</td></tr><tr><td>Year:</td><td>1999</td></tr></table>",http://dx.doi.org/10.1093/plankt/21.3.525,3,47,148,37,0.9506,1999,37,0.9506
33,nesci (2004),,"<table><tr><td>Authors:</td><td>nesci, fs; tassone, vc; wesseler, j</td></tr><tr><td>Title:</td><td>diverging incentives for afforestation from carbon sequestration: an economic analysis of the eu afforestation program in the south of italy</td></tr><tr><td>Source:</td><td>forest policy and economics, 6(6), 567-578</td></tr><tr><td>Year:</td><td>2004</td></tr></table>",http://dx.doi.org/10.1016/s1389-9341(03)00006-6,1,17,41,25,0.2135,2004,25,0.2135
34,glendining (1997),,"<table><tr><td>Authors:</td><td>glendining, mj; powlson, ds; smith, ju; smith, p</td></tr><tr><td>Title:</td><td>potential for carbon sequestration in european soils: preliminary estimates for five scenarios using results from long-term experiments</td></tr><tr><td>Source:</td><td>global change biology, 3(1), 67-79</td></tr><tr><td>Year:</td><td>1997</td></tr></table>",http://dx.doi.org/10.1046/j.1365-2486.1997.00055.x,2,16,41,221,5.973,1997,221,5.973
35,boyd (2001),,"<table><tr><td>Authors:</td><td>boyd, pw; chang, h; gall, mp; hall, j; safi, ka</td></tr><tr><td>Title:</td><td>phytoplankton processes. part 1: community structure during the southern ocean iron release experiment (soiree)</td></tr><tr><td>Source:</td><td>deep-sea research part ii-topical studies in oceanography, 48(11-12), 2551-2570</td></tr><tr><td>Year:</td><td>2001</td></tr></table>",http://dx.doi.org/10.1016/s0967-0645(01)00008-x,3,50,291,114,2.1187,2001,114,2.1187
36,johnson (2003),,"<table><tr><td>Authors:</td><td>johnson, lc; smith, dl</td></tr><tr><td>Title:</td><td>expansion of juniperus virginiana l. in the great plains: changes in soil organic carbon dynamics</td></tr><tr><td>Source:</td><td>global biogeochemical cycles, 17(2)</td></tr><tr><td>Year:</td><td>2003</td></tr></table>",http://dx.doi.org/10.1029/2002gb001990,2,60,154,24,0.4068,2003,24,0.4068
37,eve (2003),,"<table><tr><td>Authors:</td><td>eve, m; paustian, k; sperow, m</td></tr><tr><td>Title:</td><td>potential soil c sequestration on us agricultural soils</td></tr><tr><td>Source:</td><td>climatic change, 57(3), 319-339</td></tr><tr><td>Year:</td><td>2003</td></tr></table>",http://dx.doi.org/10.1023/a:1022888832630,2,48,128,86,1.4576,2003,86,1.4576
39,brunnert (1996),,"<table><tr><td>Authors:</td><td>brunnert, h</td></tr><tr><td>Title:</td><td>the significance of agriculture and forestry for the global carbon cycle. how can they contribute to sequester increasing amounts of co2 in the atmosphere</td></tr><tr><td>Source:</td><td>berichte uber landwirtschaft, 74(1), 44-65</td></tr><tr><td>Year:</td><td>1996</td></tr></table>",,1,57,99,3,0.7826,1996,3,0.7826
40,chen (2004),,"<table><tr><td>Authors:</td><td>chen, cta; hsing, ly; liu, cl; wang, sl</td></tr><tr><td>Title:</td><td>degree of nutrient consumption of upwelled water in the taiwan strait based on dissolved organic phosphorus or nitrogen</td></tr><tr><td>Source:</td><td>marine chemistry, 87(3-4), 73-86</td></tr><tr><td>Year:</td><td>2004</td></tr></table>",http://dx.doi.org/10.1016/j.marchem.2004.01.006,3,4,4,27,0.2306,2004,27,0.2306
42,nygren (2005),,"<table><tr><td>Authors:</td><td>nygren, p; sierra, j</td></tr><tr><td>Title:</td><td>role of root inputs from a dinitrogen-fixing tree in soil carbon and nitrogen sequestration in a tropical agroforestry system</td></tr><tr><td>Source:</td><td>australian journal of soil research, 43(5), 667-675</td></tr><tr><td>Year:</td><td>2005</td></tr></table>",http://dx.doi.org/10.1071/sr04167,2,11,14,13,0.2092,2005,13,0.2092
43,butterbach-bahl (2005),,"<table><tr><td>Authors:</td><td>butterbach-bahl, k; frolking, s; li, cs</td></tr><tr><td>Title:</td><td>carbon sequestration in arable soils is likely to increase nitrous oxide emissions, offsetting reductions in climate radiative forcing</td></tr><tr><td>Source:</td><td>climatic change, 72(3), 321-338</td></tr><tr><td>Year:</td><td>2005</td></tr></table>",http://dx.doi.org/10.1007/s10584-005-6791-5,2,28,43,167,2.6872,2005,167,2.6872
45,harger (1993),,"<table><tr><td>Authors:</td><td>harger, jre</td></tr><tr><td>Title:</td><td>potential limits of human dominated fossil energy-based global ecosystems</td></tr><tr><td>Source:</td><td>chemosphere, 27(6), 907-945</td></tr><tr><td>Year:</td><td>1993</td></tr></table>",http://dx.doi.org/10.1016/0045-6535(93)90062-a,1,32,39,2,0.0703,1993,2,0.0703
46,sullivan (2004),,"<table><tr><td>Authors:</td><td>sullivan, kf; top, z; wanninkhof, r</td></tr><tr><td>Title:</td><td>air-sea gas transfer in the southern ocean</td></tr><tr><td>Source:</td><td>journal of geophysical research-oceans, 109(c8)</td></tr><tr><td>Year:</td><td>2004</td></tr></table>",http://dx.doi.org/10.1029/2003jc001767,3,26,52,47,0.4014,2004,47,0.4014
47,lugo (2000),,"<table><tr><td>Authors:</td><td>lugo, ae; ostertag, r; silver, wl</td></tr><tr><td>Title:</td><td>the potential for carbon sequestration through reforestation of abandoned tropical agricultural and pasture lands</td></tr><tr><td>Source:</td><td>restoration ecology, 8(4), 394-407</td></tr><tr><td>Year:</td><td>2000</td></tr></table>",http://dx.doi.org/10.1046/j.1526-100x.2000.80054.x,1,57,155,232,1.6414,2000,232,1.6414
48,bernacchi (2005),,"<table><tr><td>Authors:</td><td>bernacchi, cj; hollinger, se; meyers, t</td></tr><tr><td>Title:</td><td>the conversion of the corn/soybean ecosystem to no-till agriculture may result in a carbon sink</td></tr><tr><td>Source:</td><td>global change biology, 11(11), 1867-1872</td></tr><tr><td>Year:</td><td>2005</td></tr></table>",http://dx.doi.org/10.1111/j.1365-2486.01050.x,2,38,67,61,0.9815,2005,61,0.9815
50,lal (2004),,"<table><tr><td>Authors:</td><td>lal, r</td></tr><tr><td>Title:</td><td>soil carbon sequestration to mitigate climate change</td></tr><tr><td>Source:</td><td>geoderma, 123(1-2), 1-22</td></tr><tr><td>Year:</td><td>2004</td></tr></table>",http://dx.doi.org/10.1016/j.geoderma.2004.01.032,2,62,260,963,8.2251,2004,963,8.2251
51,van kooten (2000),,"<table><tr><td>Authors:</td><td>van kooten, gc</td></tr><tr><td>Title:</td><td>economic dynamics of tree planting for carbon uptake on marginal agricultural lands</td></tr><tr><td>Source:</td><td>canadian journal of agricultural economics-revue canadienne d agroeconomie, 48(1), 51-65</td></tr><tr><td>Year:</td><td>2000</td></tr></table>",,1,17,57,30,0.2122,2000,30,0.2122
54,johnson (2002),,"<table><tr><td>Authors:</td><td>johnson, ks; karl, dm</td></tr><tr><td>Title:</td><td>is ocean fertilization credible and creditable?</td></tr><tr><td>Source:</td><td>science, 296(5567), 467-467</td></tr><tr><td>Year:</td><td>2002</td></tr></table>",,3,40,44,17,0.346,2002,17,0.346
57,cullen (1995),,"<table><tr><td>Authors:</td><td>cullen, jj</td></tr><tr><td>Title:</td><td>status of the iron hypothesis after the open-ocean enrichment experiment</td></tr><tr><td>Source:</td><td>limnology and oceanography, 40(7), 1336-1343</td></tr><tr><td>Year:</td><td>1995</td></tr></table>",,3,44,168,76,2.8068,1995,76,2.8068
64,chisholm (2001),,"<table><tr><td>Authors:</td><td>chisholm, sw; cullen, jj; falkowski, pg</td></tr><tr><td>Title:</td><td>oceans - dis-crediting ocean fertilization</td></tr><tr><td>Source:</td><td>science, 294(5541), 309-310</td></tr><tr><td>Year:</td><td>2001</td></tr></table>",http://dx.doi.org/10.1126/science.1065349,3,55,145,99,1.8399,2001,99,1.8399
65,harvey (2004),,"<table><tr><td>Authors:</td><td>harvey, ldd</td></tr><tr><td>Title:</td><td>declining temporal effectiveness of carbon sequestration: implications for compliance with the united national framework convention on climate change</td></tr><tr><td>Source:</td><td>climatic change, 63(3), 259-290</td></tr><tr><td>Year:</td><td>2004</td></tr></table>",http://dx.doi.org/10.1023/b:clim.0000018511.36935.e0,4,22,39,8,0.0683,2004,8,0.0683
66,andrews (2004),,"<table><tr><td>Authors:</td><td>andrews, je; buesseler, ko; charette, ma; pike, sm</td></tr><tr><td>Title:</td><td>the effects of iron fertilization on carbon sequestration in the southern ocean</td></tr><tr><td>Source:</td><td>science, 304(5669), 414-417</td></tr><tr><td>Year:</td><td>2004</td></tr></table>",http://dx.doi.org/10.1126/science.1086895,3,50,139,153,1.3068,2004,153,1.3068
67,de baara (2005),,"<table><tr><td>Authors:</td><td>de baara, hjw; gorbunov, my; nishioka, j; van leeuwe, ma; van oijen, t; veldhuis, mjw</td></tr><tr><td>Title:</td><td>enhanced carbohydrate production by southern ocean phytoplankton in response to in situ iron fertilization</td></tr><tr><td>Source:</td><td>marine chemistry, 93(1), 33-52</td></tr><tr><td>Year:</td><td>2005</td></tr></table>",http://dx.doi.org/10.1016/j.marchem.2004.06.039,3,50,215,17,0.2735,2005,17,0.2735
68,power (2005),,"<table><tr><td>Authors:</td><td>power, i; southam, g</td></tr><tr><td>Title:</td><td>carbon dioxide sequestration through enhanced weathering of chrysotile mine tailings and subsequent microbial precipitation of magnesium carbonates</td></tr><tr><td>Source:</td><td>geochimica et cosmochimica acta, 69(10), a834-a834</td></tr><tr><td>Year:</td><td>2005</td></tr></table>",,5,1,1,1,0.0161,2005,1,0.0161
69,andren (2005),,"<table><tr><td>Authors:</td><td>andren, o; karlsson, t; perala, p; regina, k; rounsevell, m; smith, p; van wesemael, b</td></tr><tr><td>Title:</td><td>carbon sequestration potential in european croplands has been overestimated</td></tr><tr><td>Source:</td><td>global change biology, 11(12), 2153-2163</td></tr><tr><td>Year:</td><td>2005</td></tr></table>",http://dx.doi.org/10.1111/j.1365-2486.2005.01052.x,2,23,43,83,1.3355,2005,83,1.3355
71,almendros (2003),,"<table><tr><td>Authors:</td><td>almendros, g; ballesta, rj; zancada, mc</td></tr><tr><td>Title:</td><td>humus quality after eucalypt reforestations in asturias (northern spain)</td></tr><tr><td>Source:</td><td>science of the total environment, 313(1-3), 245-258</td></tr><tr><td>Year:</td><td>2003</td></tr></table>",http://dx.doi.org/10.1016/s0048-9697(03)00255-9,2,6,6,14,0.2373,2003,14,0.2373
72,alexandrov (2001),,"<table><tr><td>Authors:</td><td>alexandrov, ga; yamagata, y</td></tr><tr><td>Title:</td><td>would forestation alleviate the burden of emission reduction? an assessment of the future carbon sink from ard activities</td></tr><tr><td>Source:</td><td>climate policy, 1(1), 27-40</td></tr><tr><td>Year:</td><td>2001</td></tr></table>",http://dx.doi.org/10.3763/cpol.2001.0104,1,19,19,17,0.3159,2001,17,0.3159
73,lal (2002),,"<table><tr><td>Authors:</td><td>lal, r</td></tr><tr><td>Title:</td><td>soil carbon sequestration in china through agricultural intensification, and restoration of degraded and desertified ecosystems</td></tr><tr><td>Source:</td><td>land degradation & development, 13(6), 469-478</td></tr><tr><td>Year:</td><td>2002</td></tr></table>",http://dx.doi.org/10.1002/ldr.531,2,40,65,138,2.8088,2002,138,2.8088
74,coleman (2000),,"<table><tr><td>Authors:</td><td>coleman, k; cortina, j; falloon, p; romanya, j; smith, p</td></tr><tr><td>Title:</td><td>modelling changes in soil organic matter after planting fast-growing pinus radiata on mediterranean agricultural soils</td></tr><tr><td>Source:</td><td>european journal of soil science, 51(4), 627-641</td></tr><tr><td>Year:</td><td>2000</td></tr></table>",http://dx.doi.org/10.1111/j.1365-2389.2000.00343.x,2,29,34,63,0.4457,2000,63,0.4457
75,imai (2005),,"<table><tr><td>Authors:</td><td>imai, k; kudo, i; nishioka, j; noiri, y; nojiri, y; tsuda, a</td></tr><tr><td>Title:</td><td>primary productivity and nitrogenous nutrient assimilation dynamics during the subarctic pacific iron experiment for ecosystem dynamics study</td></tr><tr><td>Source:</td><td>progress in oceanography, 64(2-4), 207-221</td></tr><tr><td>Year:</td><td>2005</td></tr></table>",http://dx.doi.org/10.1016/j.pocean.2005.02.009,3,56,209,13,0.2092,2005,13,0.2092
76,armand (2001),,"<table><tr><td>Authors:</td><td>armand, l; trull, tw</td></tr><tr><td>Title:</td><td>insights into southern ocean carbon export from the delta c-13 of particles and dissolved inorganic carbon during the soiree iron release experiment</td></tr><tr><td>Source:</td><td>deep-sea research part ii-topical studies in oceanography, 48(11-12), 2655-2680</td></tr><tr><td>Year:</td><td>2001</td></tr></table>",http://dx.doi.org/10.1016/s0967-0645(01)00013-3,3,40,125,76,1.4125,2001,76,1.4125
77,abraham (2001),,"<table><tr><td>Authors:</td><td>abraham, er; boyd, pw</td></tr><tr><td>Title:</td><td>iron-mediated changes in phytoplankton photosynthetic competence during soiree</td></tr><tr><td>Source:</td><td>deep-sea research part ii-topical studies in oceanography, 48(11-12), 2529-2550</td></tr><tr><td>Year:</td><td>2001</td></tr></table>",http://dx.doi.org/10.1016/s0967-0645(01)00007-8,3,44,191,108,2.0072,2001,108,2.0072
78,coleman (2000),,"<table><tr><td>Authors:</td><td>coleman, dc; eckert, ge; rhoades, cc</td></tr><tr><td>Title:</td><td>soil carbon differences among forest, agriculture, and secondary vegetation in lower montane ecuador</td></tr><tr><td>Source:</td><td>ecological applications, 10(2), 497-505</td></tr><tr><td>Year:</td><td>2000</td></tr></table>",http://dx.doi.org/10.2307/2641109,2,46,111,94,0.665,2000,94,0.665
80,takeda (2005),,"<table><tr><td>Authors:</td><td>takeda, s; tsuda, a</td></tr><tr><td>Title:</td><td>an in situ iron-enrichment experiment in the western subarctic pacific (seeds): introduction and summary</td></tr><tr><td>Source:</td><td>progress in oceanography, 64(2-4), 95-109</td></tr><tr><td>Year:</td><td>2005</td></tr></table>",http://dx.doi.org/10.1016/j.pocean.2005.02.004,3,56,243,28,0.4505,2005,28,0.4505
82,hinuma (2005),,"<table><tr><td>Authors:</td><td>hinuma, a; kiyosawa, h; liu, hb; saino, t; saito, h; suzuki, k; tsuda, a</td></tr><tr><td>Title:</td><td>responses of phytoplankton and heterotrophic bacteria in the northwest subarctic pacific to in situ iron fertilization as estimated by hplc pigment analysis and flow cytometry</td></tr><tr><td>Source:</td><td>progress in oceanography, 64(2-4), 167-187</td></tr><tr><td>Year:</td><td>2005</td></tr></table>",http://dx.doi.org/10.1016/j.pocean.2005.02.007,3,56,222,46,0.7402,2005,46,0.7402
85,kiyosawa (2005),,"<table><tr><td>Authors:</td><td>kiyosawa, h; kudo, i; nishioka, j; noiri, y; tsuda, a</td></tr><tr><td>Title:</td><td>influence of iron and temperature on growth, nutrient utilization ratios and phytoplankton species composition in the western subarctic pacific ocean during the seeds experiment</td></tr><tr><td>Source:</td><td>progress in oceanography, 64(2-4), 149-166</td></tr><tr><td>Year:</td><td>2005</td></tr></table>",http://dx.doi.org/10.1016/j.pocean.2005.02.006,3,53,198,24,0.3862,2005,24,0.3862
86,boyd (2001),,"<table><tr><td>Authors:</td><td>boyd, pw; law, cs</td></tr><tr><td>Title:</td><td>the southern ocean iron release experiment (soiree) - introduction and summary</td></tr><tr><td>Source:</td><td>deep-sea research part ii-topical studies in oceanography, 48(11-12), 2425-2438</td></tr><tr><td>Year:</td><td>2001</td></tr></table>",http://dx.doi.org/10.1016/s0967-0645(01)00002-9,3,60,408,71,1.3195,2001,71,1.3195
87,caldeira (2000),,"<table><tr><td>Authors:</td><td>caldeira, k; rau, gh</td></tr><tr><td>Title:</td><td>accelerating carbonate dissolution to sequester carbon dioxide in the ocean: geochemical implications</td></tr><tr><td>Source:</td><td>geophysical research letters, 27(2), 225-228</td></tr><tr><td>Year:</td><td>2000</td></tr></table>",http://dx.doi.org/10.1029/1999gl002364,4,8,16,57,0.4033,2000,57,0.4033
88,caldeira (1999),,"<table><tr><td>Authors:</td><td>caldeira, k; rau, gh</td></tr><tr><td>Title:</td><td>enhanced carbonate dissolution: a means of sequestering waste co2 as ocean bicarbonate</td></tr><tr><td>Source:</td><td>energy conversion and management, 40(17), 1803-1813</td></tr><tr><td>Year:</td><td>1999</td></tr></table>",http://dx.doi.org/10.1016/s0196-8904(99)00071-0,4,4,10,44,1.1304,1999,44,1.1304
89,ketoff (1995),,"<table><tr><td>Authors:</td><td>ketoff, a; makundi, wr; sathaye, j</td></tr><tr><td>Title:</td><td>copath - a spreadsheet model for the estimation of carbon flows associated with the use of forest resources</td></tr><tr><td>Source:</td><td>biomass & bioenergy, 8(5), 369-380</td></tr><tr><td>Year:</td><td>1995</td></tr></table>",http://dx.doi.org/10.1016/0961-9534(95)00044-5,1,39,87,4,0.1477,1995,4,0.1477
90,xu (1995),,"<table><tr><td>Authors:</td><td>xu, dy</td></tr><tr><td>Title:</td><td>the potential for reducing atmospheric carbon by large-scale afforestation in china and related cost/benefit analysis</td></tr><tr><td>Source:</td><td>biomass & bioenergy, 8(5), 337-344</td></tr><tr><td>Year:</td><td>1995</td></tr></table>",http://dx.doi.org/10.1016/0961-9534(95)00026-7,1,1,1,28,1.0341,1995,28,1.0341
91,law (1998),,"<table><tr><td>Authors:</td><td>law, cs; liddicoat, mi; stanton, t; watson, aj</td></tr><tr><td>Title:</td><td>sulphur hexafluoride as a tracer of biogeochemical and physical processes in an open-ocean iron fertilisation experiment</td></tr><tr><td>Source:</td><td>deep-sea research part ii-topical studies in oceanography, 45(6), 977-994</td></tr><tr><td>Year:</td><td>1998</td></tr></table>",http://dx.doi.org/10.1016/s0967-0645(98)00022-8,3,44,95,63,1.0988,1998,63,1.0988
92,arrieta (2004),,"<table><tr><td>Authors:</td><td>arrieta, jm; herndl, gj; lute, c; weinbauer, mg</td></tr><tr><td>Title:</td><td>response of bacterioplankton to iron fertilization in the southern ocean</td></tr><tr><td>Source:</td><td>limnology and oceanography, 49(3), 799-808</td></tr><tr><td>Year:</td><td>2004</td></tr></table>",,3,48,121,56,0.4783,2004,56,0.4783
94,justice (2001),,"<table><tr><td>Authors:</td><td>justice, co; zhang, q</td></tr><tr><td>Title:</td><td>carbon emissions and sequestration potential of central african ecosystems</td></tr><tr><td>Source:</td><td>ambio, 30(6), 351-355</td></tr><tr><td>Year:</td><td>2001</td></tr></table>",http://dx.doi.org/10.1639/0044-7447(2001)030[0351:ceaspo]2.0.co;2,1,43,83,20,0.3717,2001,20,0.3717
95,ismail (2004),,"<table><tr><td>Authors:</td><td>ismail, s; sharrow, sh</td></tr><tr><td>Title:</td><td>carbon and nitrogen storage in agroforests, tree plantations, and pastures in western oregon, usa</td></tr><tr><td>Source:</td><td>agroforestry systems, 60(2), 123-130</td></tr><tr><td>Year:</td><td>2004</td></tr></table>",http://dx.doi.org/10.1023/b:agfo.0000013267.87896.41,2,26,30,89,0.7602,2004,89,0.7602
96,bakker (2005),,"<table><tr><td>Authors:</td><td>bakker, dce; bellerby, rgj; bozec, y; de baar, hjw; hartmann, c; nightingale, pd; riebesell, u; thomas, h; watson, aj</td></tr><tr><td>Title:</td><td>the co2 system in a redfield context during an iron enrichment experiment in the southern ocean</td></tr><tr><td>Source:</td><td>marine chemistry, 95(1-2), 89-105</td></tr><tr><td>Year:</td><td>2005</td></tr></table>",http://dx.doi.org/10.1016/j.marchem.2004.08.004,3,59,304,13,0.2092,2005,13,0.2092
98,jo (2002),,"<table><tr><td>Authors:</td><td>jo, hk</td></tr><tr><td>Title:</td><td>impacts of urban greenspace on offsetting carbon emissions for middle korea</td></tr><tr><td>Source:</td><td>journal of environmental management, 64(2), 115-126</td></tr><tr><td>Year:</td><td>2002</td></tr></table>",http://dx.doi.org/10.1006/jema.2001.0491,1,5,5,75,1.5265,2002,75,1.5265
99,batjes (1998),,"<table><tr><td>Authors:</td><td>batjes, nh</td></tr><tr><td>Title:</td><td>mitigation of atmospheric co(2) concentrations by increased carbon sequestration in the soil</td></tr><tr><td>Source:</td><td>biology and fertility of soils, 27(3), 230-235</td></tr><tr><td>Year:</td><td>1998</td></tr></table>",http://dx.doi.org/10.1007/s003740050425,2,37,60,106,1.8488,1998,106,1.8488
101,ishita (2005),,"<table><tr><td>Authors:</td><td>ishita, t; kinugasa, m; nishioka, j; okamura, k; sohrin, y; takeda, s; tsuda, a</td></tr><tr><td>Title:</td><td>dynamics of trace metals during the subarctic pacific iron experiment for ecosystem dynamics study (seeds2001)</td></tr><tr><td>Source:</td><td>progress in oceanography, 64(2-4), 129-147</td></tr><tr><td>Year:</td><td>2005</td></tr></table>",http://dx.doi.org/10.1016/j.pocean.2005.02.005,3,20,45,19,0.3057,2005,19,0.3057
102,gupta (1994),,"<table><tr><td>Authors:</td><td>gupta, rk; rao, dln</td></tr><tr><td>Title:</td><td>potential of wastelands for sequestering carbon by reforestation</td></tr><tr><td>Source:</td><td>current science, 66(5), 378-380</td></tr><tr><td>Year:</td><td>1994</td></tr></table>",,1,20,22,60,0.5078,1994,60,0.5078
103,takeda (2002),,"<table><tr><td>Authors:</td><td>takeda, s</td></tr><tr><td>Title:</td><td>towards the enhancement of biological production in the oceans</td></tr><tr><td>Source:</td><td>fisheries science, 68, 20-24</td></tr><tr><td>Year:</td><td>2002</td></tr></table>",,3,54,166,1,0.0204,2002,1,0.0204
104,coleman (2000),,"<table><tr><td>Authors:</td><td>coleman, k; falloon, p; powlson, ds; smith, ju; smith, p</td></tr><tr><td>Title:</td><td>meeting europe's climate change commitments: quantitative estimates of the potential for carbon mitigation by agriculture</td></tr><tr><td>Source:</td><td>global change biology, 6(5), 525-539</td></tr><tr><td>Year:</td><td>2000</td></tr></table>",http://dx.doi.org/10.1046/j.1365-2486.2000.00331.x,2,35,72,233,1.6484,2000,233,1.6484
105,bowie (2001),,"<table><tr><td>Authors:</td><td>bowie, ar; boyd, pw; croot, pl; frew, rd; laroche, j; maldonado, mt; price, nm; strzepek, r; waite, a</td></tr><tr><td>Title:</td><td>iron uptake and physiological response of phytoplankton during a mesoscale southern ocean iron enrichment</td></tr><tr><td>Source:</td><td>limnology and oceanography, 46(7), 1802-1808</td></tr><tr><td>Year:</td><td>2001</td></tr></table>",http://dx.doi.org/10.4319/lo.2001.46.7.1802,3,49,191,55,1.0222,2001,55,1.0222
106,rudel (2001),,"<table><tr><td>Authors:</td><td>rudel, tk</td></tr><tr><td>Title:</td><td>sequestering carbon in tropical forests: experiments, policy implications, and climatic change</td></tr><tr><td>Source:</td><td>society & natural resources, 14(6), 525-531</td></tr><tr><td>Year:</td><td>2001</td></tr></table>",http://dx.doi.org/10.1080/08941920152120547,1,26,28,6,0.1115,2001,6,0.1115
107,montagnini (2004),,"<table><tr><td>Authors:</td><td>montagnini, f; nair, pkr</td></tr><tr><td>Title:</td><td>carbon sequestration: an underexploited environmental benefit of agroforestry systems</td></tr><tr><td>Source:</td><td>agroforestry systems, 61-2(1), 281-295</td></tr><tr><td>Year:</td><td>2004</td></tr></table>",http://dx.doi.org/10.1023/b:agfo.0000029005.92691.79,1,25,31,215,1.8364,2004,215,1.8364
108,matthews (2002),,"<table><tr><td>Authors:</td><td>matthews, s; o'connor, r; plantinga, aj</td></tr><tr><td>Title:</td><td>quantifying the impacts on biodiversity of policies for carbon sequestration in forests</td></tr><tr><td>Source:</td><td>ecological economics, 40(1), 71-87</td></tr><tr><td>Year:</td><td>2002</td></tr></table>",http://dx.doi.org/10.1016/s0921-8009(01)00269-5,1,16,51,43,0.8752,2002,43,0.8752
109,gillig (2005),,"<table><tr><td>Authors:</td><td>gillig, d; lee, hc; mccarl, ba</td></tr><tr><td>Title:</td><td>the dynamic competitiveness of us agricultural and forest carbon sequestration</td></tr><tr><td>Source:</td><td>canadian journal of agricultural economics-revue canadienne d agroeconomie, 53(4), 343-357</td></tr><tr><td>Year:</td><td>2005</td></tr></table>",http://dx.doi.org/10.1111/j.1744-7976.2005.00023.x,2,26,32,17,0.2735,2005,17,0.2735
110,hothem (2002),,"<table><tr><td>Authors:</td><td>hothem, dl; lal, r; malone, rw; owens, lb; starr, gc</td></tr><tr><td>Title:</td><td>sediment carbon concentration and transport from small watersheds under various conservation tillage practices</td></tr><tr><td>Source:</td><td>soil & tillage research, 67(1), 65-73</td></tr><tr><td>Year:</td><td>2002</td></tr></table>",http://dx.doi.org/10.1016/s0167-1987(02)00031-4,2,19,32,42,0.8549,2002,42,0.8549
111,bonnet (2004),,"<table><tr><td>Authors:</td><td>bonnet, jf; combarnous, m; prieur, a</td></tr><tr><td>Title:</td><td>forest areas at the global scale: combined carbon sequestration and wood-energy uses</td></tr><tr><td>Source:</td><td>comptes rendus geoscience, 336(15), 1323-1335</td></tr><tr><td>Year:</td><td>2004</td></tr></table>",http://dx.doi.org/10.1016/j.crte.2004.09.003,2,1,1,1,0.0085,2004,1,0.0085
112,avissar (2005),,"<table><tr><td>Authors:</td><td>avissar, r; barrett, dj; cook, cw; farley, ka; jackson, rb; jobbagy, eg; le maitre, dc; mccarl, ba; murray, bc; roy, sb</td></tr><tr><td>Title:</td><td>trading water for carbon with biological sequestration</td></tr><tr><td>Source:</td><td>science, 310(5756), 1944-1947</td></tr><tr><td>Year:</td><td>2005</td></tr></table>",http://dx.doi.org/10.1126/science.1119282,2,18,28,498,8.0132,2005,498,8.0132
113,krcmar-nozic (2000),,"<table><tr><td>Authors:</td><td>krcmar-nozic, e; stennes, b; van gorkom, r; van kooten, gc</td></tr><tr><td>Title:</td><td>economics of afforestation for carbon sequestration in western canada</td></tr><tr><td>Source:</td><td>forestry chronicle, 76(1), 165-172</td></tr><tr><td>Year:</td><td>2000</td></tr></table>",,1,14,46,26,0.1839,2000,26,0.1839
114,coleman (1998),,"<table><tr><td>Authors:</td><td>coleman, k; falloon, pd; marshall, s; smith, ju; smith, p; szabo, j</td></tr><tr><td>Title:</td><td>regional estimates of carbon sequestration potential: linking the rothamsted carbon model to gis databases</td></tr><tr><td>Source:</td><td>biology and fertility of soils, 27(3), 236-241</td></tr><tr><td>Year:</td><td>1998</td></tr></table>",http://dx.doi.org/10.1007/s003740050426,2,26,53,82,1.4302,1998,82,1.4302
115,grogan (2002),,"<table><tr><td>Authors:</td><td>grogan, p; matthews, r</td></tr><tr><td>Title:</td><td>a modelling analysis of the potential for soil carbon sequestration under short rotation coppice willow bioenergy plantations</td></tr><tr><td>Source:</td><td>soil use and management, 18(3), 175-183</td></tr><tr><td>Year:</td><td>2002</td></tr></table>",http://dx.doi.org/10.1079/sum2002119,2,31,48,42,0.8549,2002,42,0.8549
116,benitez (2005),,"<table><tr><td>Authors:</td><td>benitez, p; de koning, f; de urquiza, m; lopez-ulloa, m; olschewski, r; schlichter, t; veldkamp, e</td></tr><tr><td>Title:</td><td>the ecological and economic potential of carbon sequestration in forests: examples from south america</td></tr><tr><td>Source:</td><td>ambio, 34(3), 224-229</td></tr><tr><td>Year:</td><td>2005</td></tr></table>",,1,42,94,13,0.2092,2005,13,0.2092
121,christie (1995),,"<table><tr><td>Authors:</td><td>christie, si; scholes, rj</td></tr><tr><td>Title:</td><td>carbon storage in eucalyptus and pine plantations in south africa</td></tr><tr><td>Source:</td><td>environmental monitoring and assessment, 38(2-3), 231-241</td></tr><tr><td>Year:</td><td>1995</td></tr></table>",http://dx.doi.org/10.1007/bf00546765,1,21,29,12,0.4432,1995,12,0.4432
122,liss (2000),,"<table><tr><td>Authors:</td><td>liss, ps; nightingale, pd; schlosser, p</td></tr><tr><td>Title:</td><td>measurements of air-sea gas transfer during an open ocean algal bloom.</td></tr><tr><td>Source:</td><td>geophysical research letters, 27(14), 2117-2120</td></tr><tr><td>Year:</td><td>2000</td></tr></table>",http://dx.doi.org/10.1029/2000gl011541,3,45,78,103,0.7287,2000,103,0.7287
123,achterberg (2004),,"<table><tr><td>Authors:</td><td>achterberg, ep; ussher, sj; worsfold, pj</td></tr><tr><td>Title:</td><td>marine biogeochemistry of iron</td></tr><tr><td>Source:</td><td>environmental chemistry, 1(2), 67-80</td></tr><tr><td>Year:</td><td>2004</td></tr></table>",http://dx.doi.org/10.1071/en04053,3,58,252,44,0.3758,2004,44,0.3758
124,brown (2002),,"<table><tr><td>Authors:</td><td>brown, s; malhi, y; meir, p</td></tr><tr><td>Title:</td><td>forests, carbon and global climate</td></tr><tr><td>Source:</td><td>philosophical transactions of the royal society of london series a-mathematical physical and engineering sciences, 360(1797), 1567-1591</td></tr><tr><td>Year:</td><td>2002</td></tr></table>",http://dx.doi.org/10.1098/rsta.2002.1020,1,45,62,91,1.8522,2002,91,1.8522
125,kraxner (2003),,"<table><tr><td>Authors:</td><td>kraxner, f; nilsson, s; obersteiner, m</td></tr><tr><td>Title:</td><td>negative emissions from bioenergy use, carbon capture and sequestration (becs) - the case of biomass production by sustainable forest management from semi-natural temperate forests</td></tr><tr><td>Source:</td><td>biomass & bioenergy, 24(4-5), 285-296</td></tr><tr><td>Year:</td><td>2003</td></tr></table>",http://dx.doi.org/10.1016/s0961-9534(02)00172-1,5,17,18,31,0.5254,2003,31,0.5254
126,de cara (2000),,"<table><tr><td>Authors:</td><td>de cara, s; jayet, pa</td></tr><tr><td>Title:</td><td>emissions of greenhouse gases from agriculture: the heterogeneity of abatement costs in france</td></tr><tr><td>Source:</td><td>european review of agricultural economics, 27(3), 281-303</td></tr><tr><td>Year:</td><td>2000</td></tr></table>",http://dx.doi.org/10.1093/erae/27.3.281,1,12,13,28,0.1981,2000,28,0.1981
127,chan (2003),,"<table><tr><td>Authors:</td><td>chan, ky; heenan, dp; so, hb</td></tr><tr><td>Title:</td><td>sequestration of carbon and changes in soil quality under conservation tillage on light-textured soils in australia: a review</td></tr><tr><td>Source:</td><td>australian journal of experimental agriculture, 43(4), 325-334</td></tr><tr><td>Year:</td><td>2003</td></tr></table>",http://dx.doi.org/10.1071/ea02077,2,13,15,68,1.1525,2003,68,1.1525
128,lal (2003),,"<table><tr><td>Authors:</td><td>lal, r</td></tr><tr><td>Title:</td><td>global potential of soil carbon sequestration to mitigate the greenhouse effect</td></tr><tr><td>Source:</td><td>critical reviews in plant sciences, 22(2), 151-184</td></tr><tr><td>Year:</td><td>2003</td></tr></table>",http://dx.doi.org/10.1080/713610854,2,65,328,209,3.5424,2003,209,3.5424
129,chai (2005),,"<table><tr><td>Authors:</td><td>chai, f; fujii, m; yamanaka, y; yoshie, n</td></tr><tr><td>Title:</td><td>simulated biogeochemical responses to iron enrichments in three high nutrient, low chlorophyll (hnlc) regions</td></tr><tr><td>Source:</td><td>progress in oceanography, 64(2-4), 307-324</td></tr><tr><td>Year:</td><td>2005</td></tr></table>",http://dx.doi.org/10.1016/j.pocean.2005.02.017,3,52,203,19,0.3057,2005,19,0.3057
130,follett (2003),,"<table><tr><td>Authors:</td><td>follett, rf; kimble, jm; lal, r</td></tr><tr><td>Title:</td><td>achieving soil carbon sequestration in the united states: a challenge to the policy makers</td></tr><tr><td>Source:</td><td>soil science, 168(12), 827-845</td></tr><tr><td>Year:</td><td>2003</td></tr></table>",http://dx.doi.org/10.1097/01.ss.0000106407.84926.6b,2,69,239,93,1.5763,2003,93,1.5763
131,kueppers (2004),,"<table><tr><td>Authors:</td><td>kueppers, lm; lugo, ae; matzek, v; ostertag, r; silver, wl</td></tr><tr><td>Title:</td><td>carbon sequestration and plant community dynamics following reforestation of tropical pasture</td></tr><tr><td>Source:</td><td>ecological applications, 14(4), 1115-1127</td></tr><tr><td>Year:</td><td>2004</td></tr></table>",http://dx.doi.org/10.1890/03-5123,1,62,155,75,0.6406,2004,75,0.6406
133,bange (2005),,"<table><tr><td>Authors:</td><td>bange, hw; lochte, k; peeken, i; walter, s; webb, a</td></tr><tr><td>Title:</td><td>nitrous oxide measurements during eifex, the european iron fertilization experiment in the subpolar south atlantic ocean</td></tr><tr><td>Source:</td><td>geophysical research letters, 32(23)</td></tr><tr><td>Year:</td><td>2005</td></tr></table>",http://dx.doi.org/10.1029/2005gl024619,3,20,27,15,0.2414,2005,15,0.2414
134,coleman (1998),,"<table><tr><td>Authors:</td><td>coleman, k; franko, u; glendining, mj; korschens, m; powlson, ds; smith, ju; smith, p</td></tr><tr><td>Title:</td><td>a european network of long-term sites for studies on soil organic matter</td></tr><tr><td>Source:</td><td>soil & tillage research, 47(3-4), 263-274</td></tr><tr><td>Year:</td><td>1998</td></tr></table>",http://dx.doi.org/10.1016/s0167-1987(98)00115-9,2,32,61,51,0.8895,1998,51,0.8895
135,gundersen (2002),,"<table><tr><td>Authors:</td><td>gundersen, p; ritter, e; vesterdal, l</td></tr><tr><td>Title:</td><td>change in soil organic carbon following afforestation of former arable land</td></tr><tr><td>Source:</td><td>forest ecology and management, 169(1-2), 137-147</td></tr><tr><td>Year:</td><td>2002</td></tr></table>",http://dx.doi.org/10.1016/s0378-1127(02)00304-3,2,42,76,190,3.8673,2002,190,3.8673
136,hillel (2000),,"<table><tr><td>Authors:</td><td>hillel, d; rosenzweig, c</td></tr><tr><td>Title:</td><td>soils and global climate change: challenges and opportunities</td></tr><tr><td>Source:</td><td>soil science, 165(1), 47-56</td></tr><tr><td>Year:</td><td>2000</td></tr></table>",http://dx.doi.org/10.1097/00010694-200001000-00007,2,46,58,40,0.283,2000,40,0.283
137,chimner (2000),,"<table><tr><td>Authors:</td><td>chimner, ra; kaye, jp; kaye, mw; resh, sc</td></tr><tr><td>Title:</td><td>nutrient and carbon dynamics in a replacement series of eucalyptus and albizia trees</td></tr><tr><td>Source:</td><td>ecology, 81(12), 3267-3273</td></tr><tr><td>Year:</td><td>2000</td></tr></table>",,1,45,83,90,0.6367,2000,90,0.6367
138,law (2001),,"<table><tr><td>Authors:</td><td>law, cs; ling, rd</td></tr><tr><td>Title:</td><td>nitrous oxide flux and response to increased iron availability in the antarctic circumpolar current</td></tr><tr><td>Source:</td><td>deep-sea research part ii-topical studies in oceanography, 48(11-12), 2509-2527</td></tr><tr><td>Year:</td><td>2001</td></tr></table>",http://dx.doi.org/10.1016/s0967-0645(01)00006-6,3,54,185,31,0.5761,2001,31,0.5761
139,joos (1991),,"<table><tr><td>Authors:</td><td>joos, f; sarmiento, jl; siegenthaler, u</td></tr><tr><td>Title:</td><td>estimates of the effect of southern-ocean iron fertilization on atmospheric co2 concentrations</td></tr><tr><td>Source:</td><td>nature, 349(6312), 772-775</td></tr><tr><td>Year:</td><td>1991</td></tr></table>",http://dx.doi.org/10.1038/349772a0,4,47,98,79,3.6162,1991,79,3.6162
141,kheshgi (1995),,"<table><tr><td>Authors:</td><td>kheshgi, hs</td></tr><tr><td>Title:</td><td>sequestering atmospheric carbon-dioxide by increasing ocean alkalinity</td></tr><tr><td>Source:</td><td>energy, 20(9), 915-922</td></tr><tr><td>Year:</td><td>1995</td></tr></table>",http://dx.doi.org/10.1016/0360-5442(95)00035-f,4,8,10,64,2.3636,1995,64,2.3636
143,balooni (2003),,"<table><tr><td>Authors:</td><td>balooni, k</td></tr><tr><td>Title:</td><td>economics of wastelands afforestation in india, a review</td></tr><tr><td>Source:</td><td>new forests, 26(2), 101-136</td></tr><tr><td>Year:</td><td>2003</td></tr></table>",http://dx.doi.org/10.1023/a:1024494010538,1,1,1,8,0.1356,2003,8,0.1356
145,lal (2000),,"<table><tr><td>Authors:</td><td>lal, m; singh, r</td></tr><tr><td>Title:</td><td>sustainable forestry in india for carbon mitigation</td></tr><tr><td>Source:</td><td>current science, 78(5), 563-567</td></tr><tr><td>Year:</td><td>2000</td></tr></table>",,1,7,7,4,0.0283,2000,4,0.0283
147,legendre (2005),,"<table><tr><td>Authors:</td><td>legendre, l; rivkin, rb</td></tr><tr><td>Title:</td><td>integrating functional diversity, food web processes, and biogeochemical carbon fluxes into a conceptual approach for modeling the upper ocean in a high-co2 world</td></tr><tr><td>Source:</td><td>journal of geophysical research-oceans, 110(c9)</td></tr><tr><td>Year:</td><td>2005</td></tr></table>",http://dx.doi.org/10.1029/2004jc002530,3,40,72,16,0.2575,2005,16,0.2575
148,laclau (2003),,"<table><tr><td>Authors:</td><td>laclau, p</td></tr><tr><td>Title:</td><td>biomass and carbon sequestration of ponderosa pine plantations and native cypress forests in northwest patagonia</td></tr><tr><td>Source:</td><td>forest ecology and management, 180(1-3), 317-333</td></tr><tr><td>Year:</td><td>2003</td></tr></table>",http://dx.doi.org/10.1016/s0378-1127(02)00580-7,2,7,9,68,1.1525,2003,68,1.1525
149,chang (2002),,"<table><tr><td>Authors:</td><td>chang, ys; choi, sd; lee, k</td></tr><tr><td>Title:</td><td>large rate of uptake of atmospheric carbon dioxide by planted forest biomass in korea</td></tr><tr><td>Source:</td><td>global biogeochemical cycles, 16(4)</td></tr><tr><td>Year:</td><td>2002</td></tr></table>",http://dx.doi.org/10.1029/2002gb001914,1,52,106,30,0.6106,2002,30,0.6106
151,lal (2005),,"<table><tr><td>Authors:</td><td>lal, r; ussiri, dan</td></tr><tr><td>Title:</td><td>carbon sequestration in reclaimed minesoils</td></tr><tr><td>Source:</td><td>critical reviews in plant sciences, 24(3), 151-165</td></tr><tr><td>Year:</td><td>2005</td></tr></table>",http://dx.doi.org/10.1080/07352680591002147,2,33,50,52,0.8367,2005,52,0.8367
153,jackson (2004),,"<table><tr><td>Authors:</td><td>jackson, rb; schlesinger, wh</td></tr><tr><td>Title:</td><td>curbing the us carbon deficit</td></tr><tr><td>Source:</td><td>proceedings of the national academy of sciences of the united states of america, 101(45), 15827-15829</td></tr><tr><td>Year:</td><td>2004</td></tr></table>",http://dx.doi.org/10.1073/pnas.0403631101,2,43,66,37,0.316,2004,37,0.316
157,johnson (1999),,"<table><tr><td>Authors:</td><td>johnson, hb; potter, kn; tischler, cr; torbert, ha</td></tr><tr><td>Title:</td><td>carbon storage after long-term grass establishment on degraded soils</td></tr><tr><td>Source:</td><td>soil science, 164(10), 718-725</td></tr><tr><td>Year:</td><td>1999</td></tr></table>",http://dx.doi.org/10.1097/00010694-199910000-00002,2,32,63,102,2.6206,1999,102,2.6206
158,andrasko (1994),,"<table><tr><td>Authors:</td><td>andrasko, kj; dixon, rk; lee, jj; schroeder, pe; winjum, jk</td></tr><tr><td>Title:</td><td>integrated land-use systems - assessment of promising agroforest and alternative land-use practices to enhance carbon conservation and sequestration</td></tr><tr><td>Source:</td><td>climatic change, 27(1), 71-92</td></tr><tr><td>Year:</td><td>1994</td></tr></table>",http://dx.doi.org/10.1007/bf01098474,1,59,121,48,0.4062,1994,48,0.4062
159,lal (2000),,"<table><tr><td>Authors:</td><td>lal, m; singh, r</td></tr><tr><td>Title:</td><td>carbon sequestration potential of indian forests</td></tr><tr><td>Source:</td><td>environmental monitoring and assessment, 60(3), 315-327</td></tr><tr><td>Year:</td><td>2000</td></tr></table>",http://dx.doi.org/10.1023/a:1006139418804,1,24,32,41,0.2901,2000,41,0.2901
160,unruh (1995),,"<table><tr><td>Authors:</td><td>unruh, jd</td></tr><tr><td>Title:</td><td>agroforestry, reforestry, and the carbon problem - the role of land and tree tenure</td></tr><tr><td>Source:</td><td>interdisciplinary science reviews, 20(3), 215-227</td></tr><tr><td>Year:</td><td>1995</td></tr></table>",,1,23,40,6,0.2216,1995,6,0.2216
161,bakker (2001),,"<table><tr><td>Authors:</td><td>bakker, dce; law, cs; watson, aj</td></tr><tr><td>Title:</td><td>southern ocean iron enrichment promotes inorganic carbon drawdown</td></tr><tr><td>Source:</td><td>deep-sea research part ii-topical studies in oceanography, 48(11-12), 2483-2507</td></tr><tr><td>Year:</td><td>2001</td></tr></table>",http://dx.doi.org/10.1016/s0967-0645(01)00005-4,3,67,339,50,0.9293,2001,50,0.9293
162,grunzweig (2003),,"<table><tr><td>Authors:</td><td>grunzweig, jm; lin, t; rotenberg, e; schwartz, a; yakir, d</td></tr><tr><td>Title:</td><td>carbon sequestration in arid-land forest</td></tr><tr><td>Source:</td><td>global change biology, 9(5), 791-799</td></tr><tr><td>Year:</td><td>2003</td></tr></table>",http://dx.doi.org/10.1046/j.1365-2486.2003.00612.x,1,40,62,119,2.0169,2003,119,2.0169
163,smith (1999),,"<table><tr><td>Authors:</td><td>smith, ka</td></tr><tr><td>Title:</td><td>after the kyoto protocol: can soil scientists make a useful contribution?</td></tr><tr><td>Source:</td><td>soil use and management, 15(2), 71-75</td></tr><tr><td>Year:</td><td>1999</td></tr></table>",,2,15,20,27,0.6937,1999,27,0.6937
164,xu (2003),,"<table><tr><td>Authors:</td><td>xu, dy; zhang, xq</td></tr><tr><td>Title:</td><td>potential carbon sequestration in china's forests</td></tr><tr><td>Source:</td><td>environmental science & policy, 6(5), 421-432</td></tr><tr><td>Year:</td><td>2003</td></tr></table>",http://dx.doi.org/10.1016/s1462-9011(03)00072-8,1,21,22,32,0.5424,2003,32,0.5424
165,ardo (2002),,"<table><tr><td>Authors:</td><td>ardo, j; olsson, l</td></tr><tr><td>Title:</td><td>soil carbon sequestration in degraded semiarid agro-ecosystems - perils and potentials</td></tr><tr><td>Source:</td><td>ambio, 31(6), 471-477</td></tr><tr><td>Year:</td><td>2002</td></tr></table>",http://dx.doi.org/10.1639/0044-7447(2002)031[0471:scsids]2.0.co;2,2,20,23,47,0.9566,2002,47,0.9566
166,goreau (1991),,"<table><tr><td>Authors:</td><td>goreau, tj; myers, n</td></tr><tr><td>Title:</td><td>tropical forests and the greenhouse-effect - a management response</td></tr><tr><td>Source:</td><td>climatic change, 19(1-2), 215-225</td></tr><tr><td>Year:</td><td>1991</td></tr></table>",http://dx.doi.org/10.1007/bf00142229,1,23,43,8,0.3662,1991,8,0.3662
168,abraham (2000),,"<table><tr><td>Authors:</td><td>abraham, er; bakker, dce; bowie, ar; boyd, pw; buesseler, ko; chang, h; charette, m; croot, p; downing, k; frew, r; gall, m; hadfield, m; hall, j; harvey, m; jameson, g; laroche, j; law, cs; liddicoat, m; ling, r; maldonado, mt; mckay, rm; murdoch, r; nodder, s; pickmere, s; pridmore, r; rintoul, s; safi, k; strzepek, r; sutton, p; tanneberger, k; trull, t; turner, s; waite, a; watson, aj; zeldis, j</td></tr><tr><td>Title:</td><td>a mesoscale phytoplankton bloom in the polar southern ocean stimulated by iron fertilization</td></tr><tr><td>Source:</td><td>nature, 407(6805), 695-702</td></tr><tr><td>Year:</td><td>2000</td></tr></table>",http://dx.doi.org/10.1038/35037500,3,55,277,956,6.7635,2000,956,6.7635
171,boyd (2005),,"<table><tr><td>Authors:</td><td>boyd, pw; jackson, ga; waite, am</td></tr><tr><td>Title:</td><td>role of algal aggregation in vertical carbon export during soiree and in other low biomass environments</td></tr><tr><td>Source:</td><td>geophysical research letters, 32(13)</td></tr><tr><td>Year:</td><td>2005</td></tr></table>",http://dx.doi.org/10.1029/2005gl023180,3,51,187,48,0.7724,2005,48,0.7724
172,hall (2001),,"<table><tr><td>Authors:</td><td>hall, ja; safi, k</td></tr><tr><td>Title:</td><td>the impact of in situ fe fertilisation on the microbial food web in the southern ocean</td></tr><tr><td>Source:</td><td>deep-sea research part ii-topical studies in oceanography, 48(11-12), 2591-2613</td></tr><tr><td>Year:</td><td>2001</td></tr></table>",http://dx.doi.org/10.1016/s0967-0645(01)00010-8,3,52,259,75,1.3939,2001,75,1.3939
175,cisewski (2005),,"<table><tr><td>Authors:</td><td>cisewski, b; prandke, h; strass, vh</td></tr><tr><td>Title:</td><td>upper-ocean vertical mixing in the antarctic polar front zone</td></tr><tr><td>Source:</td><td>deep-sea research part ii-topical studies in oceanography, 52(9-10), 1087-1108</td></tr><tr><td>Year:</td><td>2005</td></tr></table>",http://dx.doi.org/10.1016/j.dsr2.2005.01.010,3,14,15,47,0.7563,2005,47,0.7563
178,elliott (2004),,"<table><tr><td>Authors:</td><td>elliott, b; matear, rj</td></tr><tr><td>Title:</td><td>enhancement of oceanic uptake of anthropogenic co2 by macronutrient fertilization</td></tr><tr><td>Source:</td><td>journal of geophysical research-oceans, 109(c4)</td></tr><tr><td>Year:</td><td>2004</td></tr></table>",http://dx.doi.org/10.1029/2000jc000321,3,56,108,16,0.1367,2004,16,0.1367
180,krcmar-nozic (1999),,"<table><tr><td>Authors:</td><td>krcmar-nozic, e; stennes, b; van gorkom, r; van kooten, gc</td></tr><tr><td>Title:</td><td>economics of fossil fuel substitution and wood product sinks when trees are planted to sequester carbon on agricultural lands in western canada</td></tr><tr><td>Source:</td><td>canadian journal of forest research-revue canadienne de recherche forestiere, 29(11), 1669-1678</td></tr><tr><td>Year:</td><td>1999</td></tr></table>",http://dx.doi.org/10.1139/cjfr-29-11-1669,1,13,43,47,1.2075,1999,47,1.2075
181,lal (2005),,"<table><tr><td>Authors:</td><td>lal, r</td></tr><tr><td>Title:</td><td>soil carbon sequestration for sustaining agricultural production and improving the environment with particular reference to brazil</td></tr><tr><td>Source:</td><td>journal of sustainable agriculture, 26(4), 23-42</td></tr><tr><td>Year:</td><td>2005</td></tr></table>",http://dx.doi.org/10.1300/j064v26n04_04,2,51,138,12,0.1931,2005,12,0.1931
182,conant (2005),,"<table><tr><td>Authors:</td><td>conant, rt; del grosso, sj; parton, wj; paustian, k</td></tr><tr><td>Title:</td><td>nitrogen pools and fluxes in grassland soils sequestering carbon</td></tr><tr><td>Source:</td><td>nutrient cycling in agroecosystems, 71(3), 239-248</td></tr><tr><td>Year:</td><td>2005</td></tr></table>",http://dx.doi.org/10.1007/s10705-004-5085-z,2,38,65,50,0.8045,2005,50,0.8045
184,bishop (2004),,"<table><tr><td>Authors:</td><td>bishop, jkb; davis, re; sherman, jt; wood, tj</td></tr><tr><td>Title:</td><td>robotic observations of enhanced carbon biomass and export at 55 degrees s during sofex</td></tr><tr><td>Source:</td><td>science, 304(5669), 417-420</td></tr><tr><td>Year:</td><td>2004</td></tr></table>",http://dx.doi.org/10.1126/science.1087717,3,49,87,74,0.632,2004,74,0.632
186,lal (2003),,"<table><tr><td>Authors:</td><td>lal, r</td></tr><tr><td>Title:</td><td>offsetting global co2 emissions by restoration of degraded soils and intensification of world agriculture and forestry</td></tr><tr><td>Source:</td><td>land degradation & development, 14(3), 309-322</td></tr><tr><td>Year:</td><td>2003</td></tr></table>",http://dx.doi.org/10.1002/ldr.562,2,45,150,52,0.8814,2003,52,0.8814
187,richards (2004),,"<table><tr><td>Authors:</td><td>richards, kr; stokes, c</td></tr><tr><td>Title:</td><td>a review of forest carbon sequestration cost studies: a dozen years of research</td></tr><tr><td>Source:</td><td>climatic change, 63(1-2), 1-48</td></tr><tr><td>Year:</td><td>2004</td></tr></table>",http://dx.doi.org/10.1023/b:clim.0000018503.10080.89,1,35,77,188,1.6057,2004,188,1.6057
188,keith (2005),,"<table><tr><td>Authors:</td><td>keith, dw; rhodes, js</td></tr><tr><td>Title:</td><td>engineering economic analysis of biomass igcc with carbon capture and storage</td></tr><tr><td>Source:</td><td>biomass & bioenergy, 29(6), 440-450</td></tr><tr><td>Year:</td><td>2005</td></tr></table>",http://dx.doi.org/10.1016/j.biombioe.2005.06.007,5,5,6,88,1.416,2005,88,1.416
189,kwon (2000),,"<table><tr><td>Authors:</td><td>kwon, kc; post, wm</td></tr><tr><td>Title:</td><td>soil carbon sequestration and land-use change: processes and potential</td></tr><tr><td>Source:</td><td>global change biology, 6(3), 317-327</td></tr><tr><td>Year:</td><td>2000</td></tr></table>",http://dx.doi.org/10.1046/j.1365-2486.2000.00308.x,2,64,148,1065,7.5347,2000,1065,7.5347
190,ball (2002),,"<table><tr><td>Authors:</td><td>ball, as; brown, s; fay, j; niles, jo; pretty, j</td></tr><tr><td>Title:</td><td>potential carbon mitigation and income in developing countries from changes in use and management of agricultural and forest lands</td></tr><tr><td>Source:</td><td>philosophical transactions of the royal society of london series a-mathematical physical and engineering sciences, 360(1797), 1621-1639</td></tr><tr><td>Year:</td><td>2002</td></tr></table>",http://dx.doi.org/10.1098/rsta.2002.1023,1,57,119,55,1.1195,2002,55,1.1195
191,baral (2004),,"<table><tr><td>Authors:</td><td>baral, a; guha, gs</td></tr><tr><td>Title:</td><td>trees for carbon sequestration or fossil fuel substitution: the issue of cost vs. carbon benefit</td></tr><tr><td>Source:</td><td>biomass & bioenergy, 27(1), 41-55</td></tr><tr><td>Year:</td><td>2004</td></tr></table>",http://dx.doi.org/10.1016/j.biombioe.2003.11.004,1,26,47,51,0.4356,2004,51,0.4356
192,aguirre (2002),,"<table><tr><td>Authors:</td><td>aguirre, n; fehse, j; hofstede, r; kooijman, a; paladines, c; sevink, j</td></tr><tr><td>Title:</td><td>high altitude tropical secondary forests: a competitive carbon sink?</td></tr><tr><td>Source:</td><td>forest ecology and management, 163(1-3), 9-25</td></tr><tr><td>Year:</td><td>2002</td></tr></table>",http://dx.doi.org/10.1016/s0378-1127(01)00535-7,1,27,59,36,0.7327,2002,36,0.7327
195,dodson (1996),,"<table><tr><td>Authors:</td><td>dodson, r; lee, jj</td></tr><tr><td>Title:</td><td>potential carbon sequestration by afforestation of pasture in the south-central united states</td></tr><tr><td>Source:</td><td>agronomy journal, 88(3), 381-384</td></tr><tr><td>Year:</td><td>1996</td></tr></table>",,1,20,29,11,2.8696,1996,11,2.8696
209,benitez (2005),,"<table><tr><td>Authors:</td><td>benitez, pc; olschewski, r</td></tr><tr><td>Title:</td><td>secondary forests as temporary carbon sinks? the economic impact of accounting methods on reforestation projects in the tropics</td></tr><tr><td>Source:</td><td>ecological economics, 55(3), 380-394</td></tr><tr><td>Year:</td><td>2005</td></tr></table>",http://dx.doi.org/10.1016/j.ecolecon.2004.09.021,1,18,32,49,0.7884,2005,49,0.7884
210,nilsson (1995),,"<table><tr><td>Authors:</td><td>nilsson, s; schopfhauser, w</td></tr><tr><td>Title:</td><td>the carbon-sequestration potential of a global afforestation program</td></tr><tr><td>Source:</td><td>climatic change, 30(3), 267-293</td></tr><tr><td>Year:</td><td>1995</td></tr></table>",http://dx.doi.org/10.1007/bf01091928,1,55,138,105,3.8778,1995,105,3.8778
211,gruber (2003),,"<table><tr><td>Authors:</td><td>gruber, n; jin, x</td></tr><tr><td>Title:</td><td>offsetting the radiative benefit of ocean iron fertilization by enhancing n2o emissions</td></tr><tr><td>Source:</td><td>geophysical research letters, 30(24)</td></tr><tr><td>Year:</td><td>2003</td></tr></table>",http://dx.doi.org/10.1029/2003gl018458,3,47,82,58,0.9831,2003,58,0.9831
213,lal (2005),,"<table><tr><td>Authors:</td><td>lal, r; tan, zx</td></tr><tr><td>Title:</td><td>carbon sequestration potential estimates with changes in land use and tillage practice in ohio, usa</td></tr><tr><td>Source:</td><td>agriculture ecosystems & environment, 111(1-4), 140-152</td></tr><tr><td>Year:</td><td>2005</td></tr></table>",http://dx.doi.org/10.1016/j.agee.2005.05.012,2,54,104,43,0.6919,2005,43,0.6919
214,farley (2005),,"<table><tr><td>Authors:</td><td>farley, ka; jackson, rb; jobbagy, eg</td></tr><tr><td>Title:</td><td>effects of afforestation on water yield: a global synthesis with implications for policy</td></tr><tr><td>Source:</td><td>global change biology, 11(10), 1565-1576</td></tr><tr><td>Year:</td><td>2005</td></tr></table>",http://dx.doi.org/10.1111/j.1365-2486.2005.01011.x,2,15,23,349,5.6157,2005,349,5.6157
215,bekkering (1992),,"<table><tr><td>Authors:</td><td>bekkering, td</td></tr><tr><td>Title:</td><td>using tropical forests to fix atmospheric carbon - the potential in theory and practice</td></tr><tr><td>Source:</td><td>ambio, 21(6), 414-419</td></tr><tr><td>Year:</td><td>1992</td></tr></table>",,1,12,14,15,0.8468,1992,15,0.8468
218,mollersten (2003),,"<table><tr><td>Authors:</td><td>mollersten, k; moreira, jr; yan, jy</td></tr><tr><td>Title:</td><td>potential market niches for biomass energy with co2 capture and storage - opportunities for energy supply with negative co2 emissions</td></tr><tr><td>Source:</td><td>biomass & bioenergy, 25(3), 273-285</td></tr><tr><td>Year:</td><td>2003</td></tr></table>",http://dx.doi.org/10.1016/s0961-9534(03)00013-8,5,13,29,96,1.6271,2003,96,1.6271
219,blake (2004),,"<table><tr><td>Authors:</td><td>blake, dr; friederich, g; haase, kb; meinardi, s; rowland, fs; strutton, p; wingenter, ow</td></tr><tr><td>Title:</td><td>changing concentrations of co, ch4, c5h8, ch3br ,ch3i, and dimethyl sulfide during the southern ocean iron enrichment experiments</td></tr><tr><td>Source:</td><td>proceedings of the national academy of sciences of the united states of america, 101(23), 8537-8541</td></tr><tr><td>Year:</td><td>2004</td></tr></table>",http://dx.doi.org/10.1073/pnas.0402744101,3,52,130,60,0.5125,2004,60,0.5125
220,breidt (2004),,"<table><tr><td>Authors:</td><td>breidt, fj; conant, rt; mosier, ar; ogle, sm; paustian, k; six, j</td></tr><tr><td>Title:</td><td>the potential to mitigate global warming with no-tillage management is only realized when practised in the long term</td></tr><tr><td>Source:</td><td>global change biology, 10(2), 155-160</td></tr><tr><td>Year:</td><td>2004</td></tr></table>",http://dx.doi.org/10.1111/j.1529-8817.2003.00730.x,2,30,62,383,3.2713,2004,383,3.2713
221,broecker (1991),,"<table><tr><td>Authors:</td><td>broecker, ws; peng, th</td></tr><tr><td>Title:</td><td>dynamic limitations on the antarctic iron fertilization strategy</td></tr><tr><td>Source:</td><td>nature, 349(6306), 227-229</td></tr><tr><td>Year:</td><td>1991</td></tr></table>",http://dx.doi.org/10.1038/349227a0,4,26,41,68,3.1127,1991,68,3.1127
222,kurz (1993),,"<table><tr><td>Authors:</td><td>kurz, kd; maierreimer, e</td></tr><tr><td>Title:</td><td>iron fertilization of the austral ocean - the hamburg model assessment</td></tr><tr><td>Source:</td><td>global biogeochemical cycles, 7(1), 229-244</td></tr><tr><td>Year:</td><td>1993</td></tr></table>",http://dx.doi.org/10.1029/92gb02910,4,41,71,36,1.2652,1993,36,1.2652
223,cramer (1993),,"<table><tr><td>Authors:</td><td>cramer, wp; leemans, r; prentice, ic; solomon, am</td></tr><tr><td>Title:</td><td>the interaction of climate and land-use in future terrestrial carbon storage and release</td></tr><tr><td>Source:</td><td>water air and soil pollution, 70(1-4), 595-614</td></tr><tr><td>Year:</td><td>1993</td></tr></table>",http://dx.doi.org/10.1007/bf01105024,1,38,57,37,1.3003,1993,37,1.3003
225,hall (1994),,"<table><tr><td>Authors:</td><td>hall, do; house, ji</td></tr><tr><td>Title:</td><td>biomass energy and the global carbon balance</td></tr><tr><td>Source:</td><td>renewable energy, 5(1-4), 58-66</td></tr><tr><td>Year:</td><td>1994</td></tr></table>",http://dx.doi.org/10.1016/0960-1481(94)90354-9,1,30,44,8,0.0677,1994,8,0.0677
226,boyd (2001),,"<table><tr><td>Authors:</td><td>boyd, pw; hannon, e; lancelot, c; silvoso, m</td></tr><tr><td>Title:</td><td>modeling the bloom evolution and carbon flows during soiree: implications for future in situ iron-enrichments in the southern ocean</td></tr><tr><td>Source:</td><td>deep-sea research part ii-topical studies in oceanography, 48(11-12), 2745-2773</td></tr><tr><td>Year:</td><td>2001</td></tr></table>",http://dx.doi.org/10.1016/s0967-0645(01)00016-9,3,52,244,36,0.6691,2001,36,0.6691
227,andrasko (1996),,"<table><tr><td>Authors:</td><td>andrasko, ka; kolchugina, tp; vinson, ts</td></tr><tr><td>Title:</td><td>greenhouse gas mitigation options in the forest sector of russia: national and project level assessments</td></tr><tr><td>Source:</td><td>environmental management, 20, s111-s118</td></tr><tr><td>Year:</td><td>1996</td></tr></table>",http://dx.doi.org/10.1007/bf01204199,1,10,13,2,0.5217,1996,2,0.5217
228,ford-robertson (2004),,"<table><tr><td>Authors:</td><td>ford-robertson, j; loza-balbuena, i; robertson, k</td></tr><tr><td>Title:</td><td>monitoring and economic factors affecting the economic viability of afforestation for carbon sequestration projects</td></tr><tr><td>Source:</td><td>environmental science & policy, 7(6), 465-475</td></tr><tr><td>Year:</td><td>2004</td></tr></table>",http://dx.doi.org/10.1016/j.envsci.2004.07.003,2,3,3,9,0.0769,2004,9,0.0769
229,degryze (2004),,"<table><tr><td>Authors:</td><td>degryze, s; merckx, r; morris, sj; paul, ea; paustian, k; six, j</td></tr><tr><td>Title:</td><td>soil organic carbon pool changes following land-use conversions</td></tr><tr><td>Source:</td><td>global change biology, 10(7), 1120-1132</td></tr><tr><td>Year:</td><td>2004</td></tr></table>",http://dx.doi.org/10.1111/j.1529-8817.2003.00786.x,2,42,80,161,1.3751,2004,161,1.3751
230,falloon (2002),,"<table><tr><td>Authors:</td><td>falloon, p; pasztor, l; smith, p; szabo, j</td></tr><tr><td>Title:</td><td>comparison of approaches for estimating carbon sequestration at the regional scale</td></tr><tr><td>Source:</td><td>soil use and management, 18(3), 164-174</td></tr><tr><td>Year:</td><td>2002</td></tr></table>",http://dx.doi.org/10.1079/sum2002118,2,41,71,52,1.0584,2002,52,1.0584
233,caparros (2003),,"<table><tr><td>Authors:</td><td>caparros, a; jacquemont, f</td></tr><tr><td>Title:</td><td>conflicts between biodiversity and carbon sequestration programs: economic and legal implications</td></tr><tr><td>Source:</td><td>ecological economics, 46(1), 143-157</td></tr><tr><td>Year:</td><td>2003</td></tr></table>",http://dx.doi.org/10.1016/s0921-8009(03)00138-1,1,10,14,47,0.7966,2003,47,0.7966
235,halvorson (2005),,"<table><tr><td>Authors:</td><td>halvorson, ad; mosier, ar; peterson, ga; robertson, gp; sherrod, l</td></tr><tr><td>Title:</td><td>measurement of net global warming potential in three agroecosystems</td></tr><tr><td>Source:</td><td>nutrient cycling in agroecosystems, 72(1), 67-76</td></tr><tr><td>Year:</td><td>2005</td></tr></table>",http://dx.doi.org/10.1007/s10705-004-7356-0,2,20,38,73,1.1746,2005,73,1.1746
237,coleman (2000),,"<table><tr><td>Authors:</td><td>coleman, k; falloon, p; milne, r; powlson, ds; smith, ju; smith, p</td></tr><tr><td>Title:</td><td>revised estimates of the carbon mitigation potential of uk agricultural land</td></tr><tr><td>Source:</td><td>soil use and management, 16(4), 293-295</td></tr><tr><td>Year:</td><td>2000</td></tr></table>",,2,18,28,71,0.5023,2000,71,0.5023
238,dixon (1993),,"<table><tr><td>Authors:</td><td>dixon, rk; schroeder, pe; winjum, jk</td></tr><tr><td>Title:</td><td>forest management and carbon storage - an analysis of 12 key forest nations</td></tr><tr><td>Source:</td><td>water air and soil pollution, 70(1-4), 239-257</td></tr><tr><td>Year:</td><td>1993</td></tr></table>",http://dx.doi.org/10.1007/bf01105000,1,41,81,42,1.476,1993,42,1.476
239,braswell (1994),,"<table><tr><td>Authors:</td><td>braswell, bh; holland, ea; mckeown, r; ojima, ds; painter, th; parton, wj; schimel, ds; townsend, ar</td></tr><tr><td>Title:</td><td>climatic, edaphic, and biotic controls over storage and turnover of carbon in soils</td></tr><tr><td>Source:</td><td>global biogeochemical cycles, 8(3), 279-293</td></tr><tr><td>Year:</td><td>1994</td></tr></table>",http://dx.doi.org/10.1029/94gb00993,2,59,96,584,4.9422,1994,584,4.9422
240,mauldin (2001),,"<table><tr><td>Authors:</td><td>mauldin, t; plantinga, aj</td></tr><tr><td>Title:</td><td>a method for estimating the cost of co2 mitigation through afforestation</td></tr><tr><td>Source:</td><td>climatic change, 49(1-2), 21-40</td></tr><tr><td>Year:</td><td>2001</td></tr></table>",http://dx.doi.org/10.1023/a:1010749214244,1,25,72,14,0.2602,2001,14,0.2602
241,houghton (1993),,"<table><tr><td>Authors:</td><td>houghton, ra; lefebvre, pa; unruh, jd</td></tr><tr><td>Title:</td><td>current land-cover in the tropics and its potential for sequestering carbon</td></tr><tr><td>Source:</td><td>global biogeochemical cycles, 7(2), 305-320</td></tr><tr><td>Year:</td><td>1993</td></tr></table>",http://dx.doi.org/10.1029/93gb00470,1,30,38,47,1.6518,1993,47,1.6518
242,niskanen (1998),,"<table><tr><td>Authors:</td><td>niskanen, a</td></tr><tr><td>Title:</td><td>value of external environmental impacts of reforestation in thailand</td></tr><tr><td>Source:</td><td>ecological economics, 26(3), 287-297</td></tr><tr><td>Year:</td><td>1998</td></tr></table>",http://dx.doi.org/10.1016/s0921-8009(97)00121-3,1,6,6,12,0.2093,1998,12,0.2093
243,dendoncker (2004),,"<table><tr><td>Authors:</td><td>dendoncker, n; lettens, s; roelandt, c; rounsevell, mda; van wesemael, b</td></tr><tr><td>Title:</td><td>belgium's co2 mitigation potential under improved cropland management</td></tr><tr><td>Source:</td><td>agriculture ecosystems & environment, 103(1), 101-116</td></tr><tr><td>Year:</td><td>2004</td></tr></table>",http://dx.doi.org/10.1016/j.agee.2003.10.010,2,55,121,30,0.2562,2004,30,0.2562
245,anderson (1999),,"<table><tr><td>Authors:</td><td>anderson, dm; erdner, dl</td></tr><tr><td>Title:</td><td>ferredoxin and flavodoxin as biochemical indicators of iron limitation during open-ocean iron enrichment</td></tr><tr><td>Source:</td><td>limnology and oceanography, 44(7), 1609-1615</td></tr><tr><td>Year:</td><td>1999</td></tr></table>",,3,41,103,35,0.8992,1999,35,0.8992
246,lal (2005),,"<table><tr><td>Authors:</td><td>lal, r; singh, br; vagen, tg</td></tr><tr><td>Title:</td><td>soil carbon sequestration in sub-saharan africa: a review</td></tr><tr><td>Source:</td><td>land degradation & development, 16(1), 53-71</td></tr><tr><td>Year:</td><td>2005</td></tr></table>",http://dx.doi.org/10.1002/ldr.644,5,48,86,73,1.1746,2005,73,1.1746
247,lermit (2005),,"<table><tr><td>Authors:</td><td>lermit, j; read, p</td></tr><tr><td>Title:</td><td>bio-energy with carbon storage (becs): a sequential decision approach to the threat of abrupt climate change</td></tr><tr><td>Source:</td><td>energy, 30(14), 2654-2671</td></tr><tr><td>Year:</td><td>2005</td></tr></table>",http://dx.doi.org/10.1016/j.energy.2004.07.003,4,1,1,30,0.4827,2005,30,0.4827
248,knies (2005),,"<table><tr><td>Authors:</td><td>knies, j; winkelmann, d</td></tr><tr><td>Title:</td><td>recent distribution and accumulation of organic carbon on the continental margin west off spitsbergen</td></tr><tr><td>Source:</td><td>geochemistry geophysics geosystems, 6</td></tr><tr><td>Year:</td><td>2005</td></tr></table>",http://dx.doi.org/10.1029/2005gc000916,3,1,1,43,0.6919,2005,43,0.6919
249,bouillon (2004),,"<table><tr><td>Authors:</td><td>bouillon, rc; miller, wl</td></tr><tr><td>Title:</td><td>determination of apparent quantum yield spectra of dms photo-degradation in an in situ iron-induced northeast pacific ocean bloom</td></tr><tr><td>Source:</td><td>geophysical research letters, 31(6)</td></tr><tr><td>Year:</td><td>2004</td></tr></table>",http://dx.doi.org/10.1029/2004gl019536,3,10,11,24,0.205,2004,24,0.205
251,grubler (1993),,"<table><tr><td>Authors:</td><td>grubler, a; inaba, a; messner, s; nakicenovic, n; nilsson, s; nishimura, y; rogner, hh; schafer, a; schrattenholzer, l; strubegger, m; swisher, j; victor, d; wilson, d</td></tr><tr><td>Title:</td><td>long-term strategies for mitigating global warming</td></tr><tr><td>Source:</td><td>energy, 18(5), 401</td></tr><tr><td>Year:</td><td>1993</td></tr></table>",http://dx.doi.org/10.1016/0360-5442(93)90019-a,1,53,91,29,1.0192,1993,29,1.0192
252,ladd (1991),,"<table><tr><td>Authors:</td><td>ladd, l; schroeder, p</td></tr><tr><td>Title:</td><td>slowing the increase of atmospheric carbon-dioxide - a biological approach</td></tr><tr><td>Source:</td><td>climatic change, 19(3), 283-290</td></tr><tr><td>Year:</td><td>1991</td></tr></table>",http://dx.doi.org/10.1007/bf00140167,1,18,30,21,0.9613,1991,21,0.9613
253,bakker (2005),,"<table><tr><td>Authors:</td><td>bakker, d; chuck, a; liss, p; turner, s</td></tr><tr><td>Title:</td><td>ocean fertilization with iron: effects on climate and air quality</td></tr><tr><td>Source:</td><td>tellus series b-chemical and physical meteorology, 57(3), 269-271</td></tr><tr><td>Year:</td><td>2005</td></tr></table>",http://dx.doi.org/10.1111/j.1600-0889.2005.00141.x,3,20,24,14,0.2253,2005,14,0.2253
254,gao (2004),,"<table><tr><td>Authors:</td><td>gao, l; mollersten, k; obersteiner, m; yan, jy</td></tr><tr><td>Title:</td><td>efficient energy systems with co2 capture and storage from renewable biomass in pulp and paper mills</td></tr><tr><td>Source:</td><td>renewable energy, 29(9), 1583-1598</td></tr><tr><td>Year:</td><td>2004</td></tr></table>",http://dx.doi.org/10.1016/j.renene.2004.01.003,5,9,17,40,0.3416,2004,40,0.3416
255,madsen (2002),,"<table><tr><td>Authors:</td><td>madsen, p; stanturf, ja</td></tr><tr><td>Title:</td><td>restoration concepts for temperate and boreal forests of north america and western europe</td></tr><tr><td>Source:</td><td>plant biosystems, 136(2), 143-158</td></tr><tr><td>Year:</td><td>2002</td></tr></table>",http://dx.doi.org/10.1080/11263500212331351049,5,3,3,44,0.8956,2002,44,0.8956
256,abraham (2000),,"<table><tr><td>Authors:</td><td>abraham, er; bowie, ar; boyd, pw; lavender, sj; law, cs; maldonado, mt</td></tr><tr><td>Title:</td><td>importance of stirring in the development of an iron-fertilized phytoplankton bloom</td></tr><tr><td>Source:</td><td>nature, 407(6805), 727-730</td></tr><tr><td>Year:</td><td>2000</td></tr></table>",http://dx.doi.org/10.1038/35037555,3,39,63,182,1.2876,2000,182,1.2876
257,adams (1997),,"<table><tr><td>Authors:</td><td>adams, d; alig, r; callaway, jm; mccarl, b; winnett, s</td></tr><tr><td>Title:</td><td>assessing effects of mitigation strategies for global climate change with an intertemporal model of the us forest and agriculture sectors</td></tr><tr><td>Source:</td><td>critical reviews in environmental science and technology, 27, s97-s111</td></tr><tr><td>Year:</td><td>1997</td></tr></table>",,1,16,26,2,0.0541,1997,2,0.0541
260,krom (2005),,"<table><tr><td>Authors:</td><td>krom, md; mantoura, rfc; polychronaki, t; psarra, s; stambler, n; tanaka, t; thingstad, tf; tselepides, a; zohary, t</td></tr><tr><td>Title:</td><td>phytoplankton response to a lagrangian phosphate addition in the levantine sea (eastern mediterranean)</td></tr><tr><td>Source:</td><td>deep-sea research part ii-topical studies in oceanography, 52(22-23), 2944-2960</td></tr><tr><td>Year:</td><td>2005</td></tr></table>",http://dx.doi.org/10.1016/j.dsr2.2005.08.015,3,46,113,41,0.6597,2005,41,0.6597
261,mauldin (1999),,"<table><tr><td>Authors:</td><td>mauldin, t; miller, dj; plantinga, aj</td></tr><tr><td>Title:</td><td>an econometric analysis of the costs of sequestering carbon in forests</td></tr><tr><td>Source:</td><td>american journal of agricultural economics, 81(4), 812-824</td></tr><tr><td>Year:</td><td>1999</td></tr></table>",http://dx.doi.org/10.2307/1244326,1,21,63,102,2.6206,1999,102,2.6206
262,fillipchuk (1996),,"<table><tr><td>Authors:</td><td>fillipchuk, an; kokorin, ao; lelyakin, al; nazarov, im</td></tr><tr><td>Title:</td><td>calculation of co2 net sinks emissions in russian forests and assessment of mitigation options</td></tr><tr><td>Source:</td><td>environmental management, 20, s101-s109</td></tr><tr><td>Year:</td><td>1996</td></tr></table>",http://dx.doi.org/10.1007/bf01204198,1,20,22,7,1.8261,1996,7,1.8261
263,harmon (1995),,"<table><tr><td>Authors:</td><td>harmon, me; koerper, gj; lee, jj; turner, dp</td></tr><tr><td>Title:</td><td>carbon sequestration by forests of the united-states - current status and projections to the year 2040</td></tr><tr><td>Source:</td><td>tellus series b-chemical and physical meteorology, 47(1-2), 232-239</td></tr><tr><td>Year:</td><td>1995</td></tr></table>",http://dx.doi.org/10.1034/j.1600-0889.47.issue1.19.x,1,51,89,33,1.2188,1995,33,1.2188
264,chen (2004),,"<table><tr><td>Authors:</td><td>chen, qm; li, jy; li, kr; liu, jy; pan, yy; wang, sq; yu, gr</td></tr><tr><td>Title:</td><td>effects of land use change on the storage of soil organic carbon: a case study of the qianyanzhou forest experimental station in china</td></tr><tr><td>Source:</td><td>climatic change, 67(2-3), 247-255</td></tr><tr><td>Year:</td><td>2004</td></tr></table>",http://dx.doi.org/10.1007/s10584-004-2847-1,2,39,60,21,0.1794,2004,21,0.1794
265,plantinga (2003),,"<table><tr><td>Authors:</td><td>plantinga, aj; wu, jj</td></tr><tr><td>Title:</td><td>co-benefits from carbon sequestration in forests: evaluating reductions in agricultural externalities from an afforestation policy in wisconsin</td></tr><tr><td>Source:</td><td>land economics, 79(1), 74-85</td></tr><tr><td>Year:</td><td>2003</td></tr></table>",http://dx.doi.org/10.2307/3147106,1,18,38,51,0.8644,2003,51,0.8644
266,campbell (1998),,"<table><tr><td>Authors:</td><td>campbell, ca; hahn, d; lafond, gp; mcconkey, bg; selles, f</td></tr><tr><td>Title:</td><td>effect of crop management on c and n in long-term crop rotations after adopting no-tillage management: comparison of soil sampling strategies</td></tr><tr><td>Source:</td><td>canadian journal of soil science, 78(1), 155-162</td></tr><tr><td>Year:</td><td>1998</td></tr></table>",,2,8,8,30,0.5233,1998,30,0.5233
267,lal (2004),,"<table><tr><td>Authors:</td><td>lal, r</td></tr><tr><td>Title:</td><td>soil carbon sequestration impacts on global climate change and food security</td></tr><tr><td>Source:</td><td>science, 304(5677), 1623-1627</td></tr><tr><td>Year:</td><td>2004</td></tr></table>",http://dx.doi.org/10.1126/science.1097396,2,27,69,1696,14.4858,2004,1696,14.4858
268,cherry (2000),,"<table><tr><td>Authors:</td><td>cherry, ml; colombo, sj; flannigan, md; greifenhagen, s; mcalpine, rs; papadopol, c; parker, wc; scarr, t</td></tr><tr><td>Title:</td><td>third millennium forestry: what climate change might mean to forests and forest management in ontario</td></tr><tr><td>Source:</td><td>forestry chronicle, 76(3), 445-463</td></tr><tr><td>Year:</td><td>2000</td></tr></table>",,1,57,109,38,0.2688,2000,38,0.2688
269,chang (2004),,"<table><tr><td>Authors:</td><td>chang, ys; choi, sd</td></tr><tr><td>Title:</td><td>factors affecting the distribution of the rate of carbon uptake by forests in south korea</td></tr><tr><td>Source:</td><td>environmental science & technology, 38(2), 484-488</td></tr><tr><td>Year:</td><td>2004</td></tr></table>",http://dx.doi.org/10.1021/es034533u,1,52,102,9,0.0769,2004,9,0.0769
270,de koning (2003),,"<table><tr><td>Authors:</td><td>de koning, ghj; lopez-ulloa, m; veldkamp, e</td></tr><tr><td>Title:</td><td>quantification of carbon sequestration in soils following pasture to forest conversion in northwestern ecuador</td></tr><tr><td>Source:</td><td>global biogeochemical cycles, 17(4)</td></tr><tr><td>Year:</td><td>2003</td></tr></table>",http://dx.doi.org/10.1029/2003gb002099,2,40,85,29,0.4915,2003,29,0.4915
271,grieve (2001),,"<table><tr><td>Authors:</td><td>grieve, ic</td></tr><tr><td>Title:</td><td>human impacts on soil properties and their implications for the sensitivity of soil systems in scotland</td></tr><tr><td>Source:</td><td>catena, 42(2-4), 361-374</td></tr><tr><td>Year:</td><td>2001</td></tr></table>",http://dx.doi.org/10.1016/s0341-8162(00)00147-8,2,10,12,35,0.6505,2001,35,0.6505
272,lal (2004),,"<table><tr><td>Authors:</td><td>lal, r</td></tr><tr><td>Title:</td><td>agricultural activities and the global carbon cycle</td></tr><tr><td>Source:</td><td>nutrient cycling in agroecosystems, 70(2), 103-116</td></tr><tr><td>Year:</td><td>2004</td></tr></table>",http://dx.doi.org/10.1023/b:fres.0000048480.24274.0f,2,67,167,121,1.0335,2004,121,1.0335
273,flynn (2005),,"<table><tr><td>Authors:</td><td>flynn, pc; zhou, s</td></tr><tr><td>Title:</td><td>geoengineering downwelling ocean currents: a cost assessment</td></tr><tr><td>Source:</td><td>climatic change, 71(1-2), 203-220</td></tr><tr><td>Year:</td><td>2005</td></tr></table>",http://dx.doi.org/10.1007/s10584-005-5933-0,4,2,2,16,0.2575,2005,16,0.2575
275,fox (2005),,"<table><tr><td>Authors:</td><td>fox, g; hatton, t; mckenney, dw; yemshanov, d</td></tr><tr><td>Title:</td><td>investment attractiveness of afforestation in canada inclusive of carbon sequestration benefits</td></tr><tr><td>Source:</td><td>canadian journal of agricultural economics-revue canadienne d agroeconomie, 53(4), 307-323</td></tr><tr><td>Year:</td><td>2005</td></tr></table>",http://dx.doi.org/10.1111/j.1744-7976.2005.00021.x,1,18,35,27,0.4345,2005,27,0.4345
276,bidigare (2000),,"<table><tr><td>Authors:</td><td>bidigare, rr; brown, sl; coale, kh; constantinou, j; fitzwater, s; landry, mr; ondrusek, me; tanner, sj</td></tr><tr><td>Title:</td><td>biological response to iron fertilization in the eastern equatorial pacific (ironex ii). i. microplankton community abundances and biomass</td></tr><tr><td>Source:</td><td>marine ecology progress series, 201, 27-42</td></tr><tr><td>Year:</td><td>2000</td></tr></table>",http://dx.doi.org/10.3354/meps201027,3,48,193,79,0.5589,2000,79,0.5589
278,bidigare (2000),,"<table><tr><td>Authors:</td><td>bidigare, rr; brown, sl; constantinou, j; landry, mr; latasa, m; ondrusek, me</td></tr><tr><td>Title:</td><td>biological response to iron fertilization in the eastern equatorial pacific (ironex ii). iii. dynamics of phytoplankton growth and microzooplankton grazing</td></tr><tr><td>Source:</td><td>marine ecology progress series, 201, 57-72</td></tr><tr><td>Year:</td><td>2000</td></tr></table>",http://dx.doi.org/10.3354/meps201057,3,48,184,149,1.0541,2000,149,1.0541
279,arthur (1992),,"<table><tr><td>Authors:</td><td>arthur, lm; vankooten, gc; wilson, wr</td></tr><tr><td>Title:</td><td>potential to sequester carbon in canadian forests - some economic-considerations</td></tr><tr><td>Source:</td><td>canadian public policy-analyse de politiques, 18(2), 127-138</td></tr><tr><td>Year:</td><td>1992</td></tr></table>",http://dx.doi.org/10.2307/3551419,1,8,11,23,1.2984,1992,23,1.2984
282,aono (2005),,"<table><tr><td>Authors:</td><td>aono, t; furuya, k; imai, k; kudo, i; nishioka, j; nojiri, y; ramaiah, n; saito, h; takeda, s; tsuda, a; yoshimura, t</td></tr><tr><td>Title:</td><td>effect of iron enrichment on the dynamics of transparent exopolymer particles in the western subarctic pacific</td></tr><tr><td>Source:</td><td>progress in oceanography, 64(2-4), 253-261</td></tr><tr><td>Year:</td><td>2005</td></tr></table>",http://dx.doi.org/10.1016/j.pocean.2005.02.012,3,30,62,3,0.0483,2005,3,0.0483
287,chen (2001),,"<table><tr><td>Authors:</td><td>chen, ap; ci, l; fang, jy; peng, ch; zhao, sq</td></tr><tr><td>Title:</td><td>changes in forest biomass carbon storage in china between 1949 and 1998</td></tr><tr><td>Source:</td><td>science, 292(5525), 2320-2322</td></tr><tr><td>Year:</td><td>2001</td></tr></table>",http://dx.doi.org/10.1126/science.1058629,1,39,76,624,11.5971,2001,624,11.5971
289,achard (2005),,"<table><tr><td>Authors:</td><td>achard, f; angelsen, a; coomes, ot; lambin, e; moran, e; rudel, tk; xu, jc</td></tr><tr><td>Title:</td><td>forest transitions: towards a global understanding of land use change</td></tr><tr><td>Source:</td><td>global environmental change-human and policy dimensions, 15(1), 23-31</td></tr><tr><td>Year:</td><td>2005</td></tr></table>",http://dx.doi.org/10.1016/j.gloenvcha.2004.11.001,1,14,19,507,8.158,2005,507,8.158
290,lal (2004),,"<table><tr><td>Authors:</td><td>lal, r</td></tr><tr><td>Title:</td><td>carbon sequestration in dryland ecosystems</td></tr><tr><td>Source:</td><td>environmental management, 33(4), 528-544</td></tr><tr><td>Year:</td><td>2004</td></tr></table>",http://dx.doi.org/10.1007/s00267-003-9110-9,2,50,118,214,1.8278,2004,214,1.8278
291,bidigare (1999),,"<table><tr><td>Authors:</td><td>bidigare, rr; cavender-bares, kk; chisholm, sw; mann, el; ondrusek, me</td></tr><tr><td>Title:</td><td>differential response of equatorial pacific phytoplankton to iron fertilization</td></tr><tr><td>Source:</td><td>limnology and oceanography, 44(2), 237-246</td></tr><tr><td>Year:</td><td>1999</td></tr></table>",,3,51,246,112,2.8775,1999,112,2.8775
292,capone (1991),,"<table><tr><td>Authors:</td><td>capone, dg; fuhrman, ja</td></tr><tr><td>Title:</td><td>possible biogeochemical consequences of ocean fertilization</td></tr><tr><td>Source:</td><td>limnology and oceanography, 36(8), 1951-1959</td></tr><tr><td>Year:</td><td>1991</td></tr></table>",,3,31,68,59,2.7007,1991,59,2.7007
293,baddeley (2005),,"<table><tr><td>Authors:</td><td>baddeley, ja; bingham, ij; rees, rm; watson, ca</td></tr><tr><td>Title:</td><td>the role of plants and land management in sequestering soil carbon in temperate arable and grassland ecosystems</td></tr><tr><td>Source:</td><td>geoderma, 128(1-2), 130-154</td></tr><tr><td>Year:</td><td>2005</td></tr></table>",http://dx.doi.org/10.1016/j.geoderma.2004.12.020,2,55,153,114,1.8343,2005,114,1.8343
294,lam (2001),,"<table><tr><td>Authors:</td><td>lam, pj; morell, fmm; tortell, pd</td></tr><tr><td>Title:</td><td>differential effects of iron additions on organic and inorganic carbon production by phytoplankton</td></tr><tr><td>Source:</td><td>limnology and oceanography, 46(5), 1199-1202</td></tr><tr><td>Year:</td><td>2001</td></tr></table>",,4,38,55,14,0.2602,2001,14,0.2602
296,breidt (2003),,"<table><tr><td>Authors:</td><td>breidt, fj; eve, md; ogle, sm; paustian, k</td></tr><tr><td>Title:</td><td>uncertainty in estimating land use and management impacts on soil organic carbon storage for us agricultural lands between 1982 and 1997</td></tr><tr><td>Source:</td><td>global change biology, 9(11), 1521-1542</td></tr><tr><td>Year:</td><td>2003</td></tr></table>",http://dx.doi.org/10.1046/j.1529-8817.2003.00683.x,2,70,321,120,2.0339,2003,120,2.0339
297,conant (2004),,"<table><tr><td>Authors:</td><td>conant, rt; ogle, sm; paustian, k</td></tr><tr><td>Title:</td><td>deriving grassland management factors for a carbon accounting method developed by the intergovernmental panel on climate change</td></tr><tr><td>Source:</td><td>environmental management, 33(4), 474-484</td></tr><tr><td>Year:</td><td>2004</td></tr></table>",http://dx.doi.org/10.1007/s00267-003-9105-6,2,32,85,37,0.316,2004,37,0.316
298,tappan (2004),,"<table><tr><td>Authors:</td><td>tappan, gg; tieszen, ll; toure, a</td></tr><tr><td>Title:</td><td>sequestration of carbon in soil organic matter in senegal: an overview</td></tr><tr><td>Source:</td><td>journal of arid environments, 59(3), 409-425</td></tr><tr><td>Year:</td><td>2004</td></tr></table>",http://dx.doi.org/10.1016/j.jaridenv.2004.04.002,2,25,30,12,0.1025,2004,12,0.1025
299,naylor (2005),,"<table><tr><td>Authors:</td><td>naylor, la</td></tr><tr><td>Title:</td><td>the contributions of biogeomorphology to the emerging field of geobiology</td></tr><tr><td>Source:</td><td>palaeogeography palaeoclimatology palaeoecology, 219(1-2), 35-51</td></tr><tr><td>Year:</td><td>2005</td></tr></table>",http://dx.doi.org/10.1016/j.palaeo.2004.10.013,5,9,10,17,0.2735,2005,17,0.2735
300,dirks (1993),,"<table><tr><td>Authors:</td><td>dirks, bom; glenn, ep; ojima, ds; owensby, ce; scurlock, jo</td></tr><tr><td>Title:</td><td>assessment of c budget for grasslands and drylands of the world</td></tr><tr><td>Source:</td><td>water air and soil pollution, 70(1-4), 95-109</td></tr><tr><td>Year:</td><td>1993</td></tr></table>",http://dx.doi.org/10.1007/bf01104990,2,18,20,63,2.2141,1993,63,2.2141
301,eve (2002),,"<table><tr><td>Authors:</td><td>eve, md; follett, rf; howerton, k; paustian, k; sperow, m</td></tr><tr><td>Title:</td><td>predicted impact of management changes on soil carbon storage for each cropland region of the conterminous united states</td></tr><tr><td>Source:</td><td>journal of soil and water conservation, 57(4), 196-204</td></tr><tr><td>Year:</td><td>2002</td></tr></table>",,2,27,98,36,0.7327,2002,36,0.7327
302,breidt (2005),,"<table><tr><td>Authors:</td><td>breidt, fj; ogle, sm; paustian, k</td></tr><tr><td>Title:</td><td>agricultural management impacts on soil organic carbon storage under moist and dry climatic conditions of temperate and tropical regions</td></tr><tr><td>Source:</td><td>biogeochemistry, 72(1), 87-121</td></tr><tr><td>Year:</td><td>2005</td></tr></table>",http://dx.doi.org/10.1007/s10533-004-0360-2,2,51,283,245,3.9422,2005,245,3.9422
